comunidad,anio,precio_vivienda,salario_medio,tasa_paro_media,Alimentos y bebidas no alcohólicas,Bebidas alcohólicas y tabaco,Sanidad,Comunicaciones,Restaurantes y hoteles,Transporte,Vestido y calzado,Otros bienes y servicios,"Muebles, artículos del hogar y artículos para el mantenimiento corriente del hogar",Enseñanza,Ocio y cultura
Comunitat Valenciana,2021,121.86600000000001,23344.55,16.085,100.00008333333334,99.99991666666666,100.00016666666666,100.0,100.0,100.00008333333334,100.00016666666666,100.00008333333334,100.0,99.99991666666666,99.99991666666666
Aragón,2013,101.49225,21961.789999999997,21.3825,90.95191666666666,93.16575,96.50166666666667,105.42675000000001,89.67183333333332,95.58941666666668,94.74624999999999,90.553,99.30066666666666,90.61383333333333,105.50033333333333
"Navarra, Comunidad Foral de",2014,99.39475,24507.873333333333,15.71,89.44675,94.38074999999999,92.85333333333334,101.06983333333334,89.90058333333333,93.79416666666667,94.64033333333333,91.70708333333333,98.37475,94.99233333333332,101.09833333333334
"Rioja, La",2023,133.66025,26369.47,9.375,123.39958333333334,112.0345,103.36266666666667,101.70258333333334,114.15258333333334,112.45325000000001,110.50108333333333,109.66175,111.41183333333333,101.98058333333334,107.66708333333334
Comunitat Valenciana,2020,116.81375,22753.823333333334,16.19,98.29341666666666,99.45483333333334,99.21424999999999,103.21775000000001,99.175,92.98483333333333,99.01916666666666,98.94783333333334,98.68374999999999,99.06675,99.50808333333333
Cataluña,2015,100.0,24260.73,18.5925,89.473,94.59858333333334,96.11008333333332,97.87041666666666,91.64141666666666,90.46583333333332,94.837,91.01275,96.06308333333334,99.06483333333334,99.33466666666668
Extremadura,2012,120.06550000000001,19569.516666666666,33.075,90.44475,87.55533333333334,92.74908333333333,111.53233333333333,90.85608333333333,95.50566666666667,95.69558333333333,90.36391666666667,99.18158333333334,84.66308333333333,106.94808333333333
Comunitat Valenciana,2010,133.01975,20605.18,22.8575,84.41358333333334,74.47608333333334,93.30325,117.24325,87.693,85.02608333333333,94.58391666666667,86.40908333333334,96.97149999999999,82.33008333333333,100.22166666666668
Comunitat Valenciana,2019,114.306,21953.256666666668,14.1125,96.13416666666666,99.09658333333334,98.38708333333334,104.70191666666666,98.10433333333333,97.10641666666668,98.1555,97.54741666666666,98.60300000000001,97.66250000000001,100.07158333333332
Castilla y León,2023,129.538,25230.60666666667,9.682500000000001,125.63033333333334,111.20108333333333,102.69041666666668,101.82441666666666,114.02024999999999,112.8195,104.98,107.89366666666666,111.31358333333333,102.01183333333334,106.05691666666667
Castilla - La Mancha,2012,118.44325,20291.37,28.585,88.01266666666668,86.89866666666667,88.86808333333333,109.47066666666666,90.76825000000001,96.34566666666666,95.05825,90.15625,99.79025,84.04683333333334,106.18008333333334
Aragón,2019,116.5135,23443.35666666667,10.024999999999999,95.69083333333333,99.31741666666666,98.53375,104.27041666666666,97.66325,97.53991666666667,98.00158333333333,96.28466666666667,98.49541666666666,97.0575,100.70433333333334
Andalucía,2008,134.53425,19848.486666666668,17.7025,87.36158333333333,61.36116666666667,90.08633333333334,116.72241666666667,86.73916666666666,84.01441666666666,97.15050000000001,82.33058333333334,96.92791666666666,74.55958333333334,109.16858333333334
Extremadura,2016,101.42974999999998,19463.41,27.515,93.40499999999999,95.43333333333334,98.4135,100.79275,92.43650000000001,88.19466666666666,96.36649999999999,95.29391666666668,99.09283333333333,93.40983333333334,101.20125
País Vasco,2016,102.57374999999999,27303.36666666667,12.592500000000001,91.92183333333332,95.48083333333334,97.06166666666667,99.63475,92.447,87.50166666666667,95.40125,94.9645,96.72125,94.65658333333333,99.97166666666668
"Madrid, Comunidad de",2014,94.572,26543.839999999997,18.747500000000002,90.29208333333332,93.68325,98.22791666666666,98.15333333333332,91.8845,94.75358333333332,94.53933333333333,90.31416666666667,98.86416666666666,95.95858333333332,99.89375
Extremadura,2018,103.737,19905.0,23.6425,95.36183333333334,98.31966666666666,99.05691666666667,103.97175,95.64274999999999,95.00941666666667,97.34941666666667,96.01741666666668,98.33966666666667,95.68075,101.75233333333334
Extremadura,2022,114.61175,21910.263333333332,17.3275,113.27575,103.96825,100.08808333333333,98.6845,106.81425,113.41375,98.35741666666667,103.65358333333334,104.67458333333333,101.06625000000001,101.30775
"Navarra, Comunidad Foral de",2017,103.93525,25975.819999999996,10.2375,92.08375000000001,97.57666666666667,94.40174999999999,102.71333333333332,94.04933333333334,92.05475,96.15716666666667,94.75266666666666,96.57675,98.45441666666666,101.67416666666666
Canarias,2012,107.1735,19288.726666666666,32.575,93.09441666666667,67.63583333333334,91.62433333333333,108.91133333333333,89.54658333333333,94.27208333333334,99.20725,93.23108333333333,106.75133333333333,87.40875,106.64425
"Madrid, Comunidad de",2012,103.98425,26000.58,18.53,87.73191666666666,87.1055,94.52008333333333,109.195,91.08616666666667,94.83691666666665,94.13475,87.68175000000001,99.39583333333333,84.43599999999999,100.54291666666666
País Vasco,2014,99.0395,27613.039999999997,16.325,89.20983333333334,94.25816666666667,96.07350000000001,98.87950000000001,91.197,92.93883333333333,94.27625,91.84433333333334,96.18575,92.08133333333335,101.17058333333334
Cataluña,2022,151.70099999999996,28770.666666666668,9.9725,110.27808333333333,103.64299999999999,101.71716666666667,98.71716666666667,105.60858333333333,111.94458333333334,105.01808333333334,103.14683333333333,106.16433333333333,101.22908333333334,103.09041666666667
"Asturias, Principado de",2022,126.18175,26704.03,12.5125,110.65391666666666,103.99241666666667,100.16525,98.6905,106.04008333333333,112.27866666666667,103.68683333333333,102.9345,107.42416666666666,102.39550000000001,102.58091666666667
Castilla - La Mancha,2023,120.26825000000001,24753.35666666667,13.215,126.23258333333332,112.505,102.55575,102.06475,115.15775000000001,112.7095,106.76758333333333,108.67174999999999,111.87275,104.43066666666665,105.87124999999999
Comunitat Valenciana,2016,102.612,21063.503333333334,20.615000000000002,92.56675,95.77933333333334,96.42208333333333,101.38308333333333,92.18299999999999,89.17475,95.98066666666666,95.03575000000001,98.301,96.55116666666667,99.24158333333334
"Murcia, Región de",2021,120.3275,23048.626666666667,14.7225,100.00008333333334,100.0,100.0,100.00008333333334,100.00016666666666,99.99991666666666,100.00008333333334,100.00008333333334,99.99991666666666,100.0,100.00008333333334
"Rioja, La",2008,170.416,20529.346666666668,7.8925,87.32133333333333,62.947,90.82341666666667,117.58458333333333,86.88433333333334,82.8155,95.51366666666667,81.12708333333333,90.33416666666666,76.802,101.024
Cantabria,2008,153.98,20125.846666666668,7.16,86.87991666666666,62.150083333333335,85.03375,114.14491666666667,85.086,83.03133333333334,95.50466666666667,80.29333333333334,94.526,80.04366666666667,103.04383333333334
Extremadura,2020,106.30874999999999,20447.376666666667,21.795,98.45858333333332,99.49891666666667,99.48700000000001,103.16175,99.12183333333333,92.44341666666666,99.01658333333334,98.81758333333333,99.29575,98.58041666666666,100.14966666666668
"Murcia, Región de",2011,130.49675,20863.85666666667,24.985,87.64658333333334,81.42233333333333,88.10641666666668,114.50608333333334,89.55483333333332,92.84325,94.39358333333332,89.06133333333334,97.17466666666667,83.17725,103.38083333333333
"Rioja, La",2019,115.01225000000001,22865.783333333336,9.96,97.43008333333334,100.37675,98.02641666666666,104.43916666666667,97.235,96.23241666666667,97.97091666666667,97.38916666666667,98.82033333333334,99.68566666666668,101.09933333333333
"Madrid, Comunidad de",2015,100.0,26410.73,17.057499999999997,91.53608333333334,94.85175,98.8855,96.38475,92.7865,90.58816666666667,94.88633333333333,92.02524999999999,98.69066666666667,96.52725,99.45975
"Murcia, Región de",2012,115.9255,20542.186666666665,27.615000000000002,89.60916666666667,86.26100000000001,89.98608333333334,110.654,90.43858333333333,96.64,94.68283333333333,91.32275,98.55083333333334,86.266,104.06175
Cataluña,2023,157.01,29980.399999999998,9.344999999999999,122.00958333333334,111.70733333333334,104.44433333333335,101.71291666666667,112.17833333333334,112.02541666666667,107.50458333333334,107.62033333333333,112.05008333333332,102.67391666666667,108.16916666666667
Aragón,2016,101.8955,22113.960000000003,14.74,92.45683333333334,95.887,97.1665,99.73916666666666,91.34133333333334,89.55516666666666,95.84708333333333,94.08999999999999,99.55566666666665,94.33325,101.129
"Madrid, Comunidad de",2022,157.23225000000002,31155.86666666667,11.215,111.65875,103.61500000000001,100.56183333333333,98.83075000000001,106.58375000000001,110.74491666666667,101.06541666666668,103.52300000000001,105.78866666666666,101.06341666666667,103.33091666666667
Galicia,2015,99.99999999999999,20635.856666666663,19.307499999999997,90.65583333333332,95.40966666666667,94.52291666666667,97.60708333333334,89.56491666666666,91.35083333333334,95.18366666666667,94.69725,97.86399999999999,92.31358333333333,102.74058333333333
"Madrid, Comunidad de",2011,122.82650000000001,25775.75,16.3375,85.669,81.94508333333333,92.09649999999999,113.1185,90.52616666666667,90.59616666666666,93.77966666666667,85.44133333333333,98.20833333333333,80.78224999999999,98.95333333333333
"Murcia, Región de",2016,101.39675,21074.513333333332,19.7825,93.48608333333334,94.70166666666667,98.26975,100.23174999999999,93.17491666666666,89.27091666666666,95.96208333333334,96.30316666666666,99.74958333333332,94.44833333333334,101.142
"Rioja, La",2013,101.723,20568.49666666667,20.035,91.166,94.55116666666667,97.37,106.22283333333333,91.31225,93.57333333333334,94.43958333333335,92.24825,97.01141666666666,93.66775,101.35458333333332
Extremadura,2021,108.7715,21340.186666666665,20.189999999999998,100.0,100.00008333333334,100.0,100.00016666666666,99.99991666666666,100.0,99.99991666666666,99.99991666666666,99.99991666666666,99.99991666666666,100.00008333333334
Cantabria,2016,102.54724999999999,21829.97,14.9075,92.83058333333334,95.73508333333332,94.71866666666666,98.33491666666667,91.89658333333334,87.13591666666666,95.58033333333333,94.45474999999999,99.26933333333334,96.87475,102.28716666666666
Canarias,2017,107.88825,20131.573333333334,23.472499999999997,94.30133333333333,86.91191666666667,99.63475,101.33550000000001,94.20133333333332,92.59333333333335,96.661,96.19766666666668,100.04841666666665,99.22758333333333,103.03983333333333
Andalucía,2009,130.1625,20728.806666666667,25.245,86.01400000000001,67.16633333333333,88.90108333333335,115.97699999999999,88.29883333333333,79.06625,95.33708333333334,84.3285,98.09108333333334,77.215,108.15666666666665
Castilla y León,2013,101.2155,20416.323333333334,21.7475,90.17958333333333,93.47841666666666,95.97725000000001,105.582,89.94233333333334,95.86275,94.62483333333334,92.10591666666666,97.6365,94.76958333333333,103.58066666666667
País Vasco,2018,113.74799999999999,28399.47333333333,9.969999999999999,94.48141666666668,99.17391666666667,98.29358333333333,103.34658333333334,95.86941666666667,94.28775,97.08800000000001,96.35341666666666,96.69291666666668,97.09558333333332,101.40616666666666
"Navarra, Comunidad Foral de",2022,125.15275000000001,29060.89,9.735,111.60416666666667,103.68283333333333,101.47133333333333,98.618,105.38466666666666,112.67399999999999,103.05008333333335,103.39575,107.90233333333333,97.02058333333333,103.64316666666667
Comunitat Valenciana,2012,106.44399999999999,21127.943333333333,27.19,88.151,87.53108333333334,94.03308333333332,112.31975,89.48649999999999,96.40758333333333,95.03808333333335,90.53224999999999,98.45183333333334,88.2715,100.25599999999999
Comunitat Valenciana,2014,97.65950000000001,20543.649999999998,25.8125,90.58008333333333,94.43825,101.74966666666667,100.84224999999999,90.34025000000001,94.92750000000001,94.99308333333333,92.53775,98.55308333333333,95.2095,100.37366666666667
Aragón,2009,156.46625,21927.8,13.0525,84.791,66.94716666666666,89.70091666666667,115.77691666666668,86.24991666666666,79.88925,94.21758333333332,81.31666666666666,96.1055,79.96575,107.17241666666666
"Rioja, La",2022,130.00650000000002,24969.789999999997,9.549999999999999,110.51016666666668,103.63666666666666,101.89533333333333,98.71475,106.41233333333334,112.03491666666667,108.46841666666667,104.45875000000001,106.15158333333333,98.34183333333333,102.64800000000001
Castilla y León,2015,100.0,21318.493333333332,18.259999999999998,90.62658333333333,95.70141666666666,95.68624999999999,97.39233333333334,91.40891666666666,89.43374999999999,95.1195,94.23225000000001,97.2695,97.65316666666666,101.82358333333333
Andalucía,2016,102.8415,21157.533333333333,28.885,92.72516666666667,96.27550000000001,97.33550000000001,99.83558333333333,92.83991666666667,88.91525,96.09375,95.79558333333334,99.68341666666667,94.35825,100.85633333333334
Castilla - La Mancha,2020,109.02950000000001,22455.289999999997,17.67,98.40249999999999,99.42583333333333,99.08708333333334,103.01316666666666,98.943,92.97033333333333,99.02816666666666,98.84125,98.95841666666666,98.81083333333333,100.10891666666667
"Balears, Illes",2015,100.00025,21441.35,17.409999999999997,91.34658333333334,95.44308333333333,97.17225,96.25541666666668,89.17083333333333,93.248,95.21308333333333,92.37958333333334,97.64975,93.21600000000001,102.09241666666667
Aragón,2010,147.964,22141.076666666664,14.955,83.994,74.84125,89.18816666666667,114.93116666666667,87.10541666666667,85.08433333333333,94.07758333333334,83.35416666666667,96.44,82.07033333333334,105.3825
Cataluña,2017,117.2595,25101.743333333336,13.412500000000001,92.48783333333334,96.47183333333334,97.48841666666665,101.60916666666667,94.83391666666667,92.82074999999999,96.11666666666667,94.25333333333333,97.24575,101.0625,100.3405
Extremadura,2013,102.35625,19071.72333333333,33.86749999999999,93.27991666666667,92.93,98.35383333333334,106.74225,90.90558333333333,95.70791666666666,95.6185,91.64191666666666,100.27383333333334,89.4295,106.08966666666667
"Navarra, Comunidad Foral de",2023,132.56650000000002,31094.899999999998,9.945,124.67783333333334,111.84925,103.96758333333334,101.35716666666667,111.79241666666667,113.27308333333333,105.84291666666667,107.64575,113.52991666666667,99.67174999999999,108.846
Extremadura,2019,105.76475,19925.663333333334,21.535,96.1145,98.83691666666665,99.11941666666667,104.54791666666667,97.56683333333332,96.37291666666665,98.05433333333333,97.3155,98.97041666666667,97.05275,101.524
"Asturias, Principado de",2009,144.29775,22354.48,13.42,85.33800000000001,68.00116666666666,93.51891666666666,117.09033333333333,85.53583333333334,79.91716666666666,94.58591666666666,82.71041666666666,95.23866666666667,84.30466666666666,106.26008333333334
"Madrid, Comunidad de",2016,108.5665,26270.89,15.712499999999999,92.80675000000001,95.08783333333334,98.69066666666667,98.91308333333332,93.59991666666667,88.46708333333333,95.59058333333333,93.72275,98.28941666666667,95.72308333333332,98.7795
Aragón,2021,124.019,24894.846666666668,10.337499999999999,100.0,100.0,100.0,100.0,99.99991666666666,100.00016666666666,100.00008333333334,99.99983333333334,99.99991666666666,100.0,99.99991666666666
Extremadura,2010,139.24800000000002,19381.476666666666,22.970000000000002,86.28608333333334,74.33291666666666,91.83758333333333,116.42258333333332,89.0745,84.1655,95.68591666666667,86.0585,98.27325,79.84975,109.49041666666666
Cantabria,2015,100.0,21690.81,17.6475,91.49849999999999,95.57891666666666,94.06175,95.80883333333333,91.5545,89.56791666666668,95.05091666666668,93.07133333333333,98.13324999999999,95.78474999999999,103.50233333333334
"Rioja, La",2015,100.0,21683.86,15.3825,92.00325,96.20375,97.48308333333334,97.89375,92.12716666666667,88.97408333333334,94.99616666666667,93.97216666666667,96.72508333333333,95.64183333333334,101.168
Cataluña,2009,143.71575,23739.916666666668,16.2175,81.76541666666667,67.91125,86.03416666666668,116.74116666666667,85.17083333333333,78.95774999999999,93.52133333333335,78.16725,90.59249999999999,77.37133333333334,98.66116666666666
Comunitat Valenciana,2011,123.15375,21180.233333333334,23.985000000000003,86.11516666666667,82.47691666666667,91.84183333333334,116.246,88.95116666666667,91.61683333333333,94.84158333333333,88.64550000000001,98.06508333333333,84.44766666666666,99.8285
"Asturias, Principado de",2011,134.0265,22118.153333333332,17.84,87.16275,83.7385,92.02508333333333,115.20725,88.77966666666667,91.81400000000001,94.726,86.81025,98.17424999999999,88.55874999999999,105.42516666666667
Galicia,2018,107.673,22204.89,13.3375,94.7325,99.87433333333333,96.31483333333334,103.61208333333333,94.22916666666667,96.63833333333334,97.11883333333333,96.89908333333334,97.51983333333334,95.61200000000001,101.69816666666667
"Rioja, La",2018,109.1565,22668.456666666665,10.4025,95.46233333333333,100.2145,97.12508333333334,103.7505,95.61741666666667,93.86966666666666,97.1515,96.14858333333332,98.29008333333333,98.83625,101.87599999999999
"Murcia, Región de",2013,98.18025,20278.45,28.979999999999997,92.31475,91.50416666666666,98.34541666666667,105.95708333333334,91.14208333333333,97.32324999999999,94.77883333333334,93.3945,100.08625,91.21791666666667,104.89575
Extremadura,2015,100.0,19560.983333333334,29.095,92.01175,95.23308333333334,98.43608333333333,98.31225,91.73366666666668,90.03875,95.96499999999999,94.02674999999999,98.69133333333333,91.63533333333334,102.19691666666667
Castilla y León,2014,98.7745,20370.836666666666,20.765,89.76675,94.70275,95.99883333333334,99.15741666666666,90.55025,94.92575,94.78458333333333,92.95916666666666,97.34191666666668,96.37033333333333,102.25725
Aragón,2015,100.0,22277.63666666667,16.29,91.178,95.50108333333333,96.50516666666665,97.23958333333333,90.45966666666668,90.62841666666667,95.22075000000001,92.62408333333333,99.19375000000001,93.37741666666666,102.76675
Canarias,2015,99.99975,19824.36333333333,29.105,92.02641666666666,79.2345,98.99883333333332,97.54825,90.95791666666666,91.37049999999999,97.17958333333333,94.52266666666667,103.10491666666667,96.69066666666667,104.1475
Canarias,2018,113.27625,20716.039999999997,20.0775,95.98424999999999,91.16175,99.37783333333334,103.57691666666666,96.05900000000001,95.50616666666667,97.22466666666666,96.74633333333333,99.96591666666666,99.16041666666666,102.98775
Castilla y León,2020,114.7195,22937.899999999998,12.0675,98.11025000000001,100.07333333333334,98.74766666666666,103.07133333333333,99.036,92.8635,99.03425,99.10674999999999,98.83483333333334,99.18624999999999,100.16466666666668
Aragón,2022,131.95999999999998,25980.463333333333,9.620000000000001,112.39791666666667,103.64916666666666,101.67533333333334,98.76275,105.51408333333335,112.15899999999999,103.97283333333333,103.82783333333333,106.87875000000001,102.01425,102.33116666666666
"Rioja, La",2012,117.833,20309.993333333336,20.567500000000003,88.90350000000001,89.32525,92.00633333333333,110.9755,90.61708333333333,93.42791666666666,94.29483333333333,90.80541666666666,95.17316666666666,87.99891666666667,100.92566666666666
Cantabria,2013,95.561,19939.686666666665,20.447499999999998,91.30283333333334,92.95733333333334,93.99958333333332,103.70325000000001,91.16558333333334,97.06858333333334,94.52658333333333,90.76933333333334,97.26283333333333,94.1605,105.42233333333333
"Navarra, Comunidad Foral de",2019,111.6135,27262.55,8.2425,95.01216666666666,99.47241666666667,97.94941666666666,104.75658333333332,98.1925,97.6585,98.02441666666668,97.08458333333333,97.61058333333334,99.984,100.7355
"Madrid, Comunidad de",2013,92.203,26132.98,19.7625,90.2145,92.38275,99.16325,104.505,91.38008333333333,95.73908333333333,94.31916666666666,89.30258333333335,99.47149999999999,92.84425,101.25600000000001
Extremadura,2008,137.78475,18092.903333333335,15.35,87.83941666666668,60.394083333333334,93.98174999999999,118.41275,86.45466666666668,84.14008333333334,97.97675,82.51791666666666,97.23008333333333,75.459,111.62633333333333
Andalucía,2022,136.7855,24004.433333333334,19.115000000000002,112.38291666666667,103.90425,100.79075,98.757,106.80208333333333,112.66758333333333,102.66683333333333,103.3695,106.46216666666668,101.68675,102.42916666666667
País Vasco,2012,108.614,26311.303333333333,15.5975,87.21633333333334,88.07308333333333,85.85825,109.95049999999999,89.57708333333333,93.07391666666666,93.94458333333334,88.90283333333333,94.67625,86.98858333333334,100.80441666666667
"Murcia, Región de",2008,140.303,18702.293333333335,12.430000000000001,88.30166666666666,61.03991666666667,93.53566666666667,117.13625,87.805,84.86233333333332,96.20983333333334,83.41658333333334,95.25183333333332,75.69941666666666,106.52158333333334
Extremadura,2023,116.36375000000001,23681.963333333333,17.3675,127.35741666666667,111.92566666666666,100.60625,101.598,112.2065,111.67441666666667,99.21483333333333,108.92649999999999,108.65583333333335,103.13908333333335,103.21300000000001
"Madrid, Comunidad de",2023,163.4145,32174.00333333333,9.955,124.90741666666666,111.49925,100.49441666666667,102.12049999999999,113.65116666666667,107.10258333333333,105.00958333333334,108.6355,110.4765,103.25466666666667,108.12691666666666
Extremadura,2014,98.12574999999998,19141.38,29.7925,91.957,94.07658333333332,98.88683333333334,100.18341666666667,91.04725,94.327,95.68124999999999,92.49549999999999,99.56858333333332,90.58958333333334,103.63925
Castilla y León,2009,148.896,20801.156666666666,13.975,83.95575,67.34491666666666,88.52216666666668,115.92441666666667,85.3185,78.66291666666667,94.44891666666666,84.08800000000001,93.97441666666667,77.76141666666666,104.24358333333333
Aragón,2017,104.788,22865.206666666665,11.645,93.3625,97.26333333333334,97.36500000000001,101.06491666666666,93.22691666666667,93.00041666666665,96.38041666666668,94.54016666666666,98.52141666666667,95.00308333333334,102.17758333333335
Andalucía,2021,125.598,23015.85666666667,21.86,100.0,99.99991666666666,100.00008333333334,100.0,100.0,100.00008333333334,100.00008333333334,99.99983333333334,99.99991666666666,99.99975,99.99991666666666
Andalucía,2018,111.3705,21730.24,22.985,95.43275,99.18425,97.69383333333333,103.46175,96.28591666666667,95.93575,97.14316666666667,96.92191666666668,98.73816666666666,96.87166666666667,101.62841666666667
"Murcia, Región de",2018,106.14,21259.823333333334,16.7625,95.57058333333333,97.733,97.37391666666667,103.65858333333334,95.66341666666666,96.51875,97.13691666666666,97.53641666666665,98.61283333333334,97.207,101.15708333333333
Aragón,2012,116.26174999999999,21970.78,18.665,88.14608333333332,87.97149999999999,90.92158333333333,110.128,88.89858333333332,95.42933333333333,94.66624999999999,88.16875,98.72241666666667,87.35558333333334,104.90075
Aragón,2014,99.15700000000001,21993.01,20.1725,90.4535,94.28041666666667,96.4445,99.01016666666668,89.76425,94.73908333333333,94.88741666666665,91.26041666666667,99.09683333333334,91.931,103.70491666666668
"Navarra, Comunidad Foral de",2013,106.285,23683.170000000002,17.93,90.11358333333334,93.43791666666668,91.94433333333332,107.70575000000001,89.58891666666666,94.94633333333333,94.39991666666667,91.7375,99.07183333333334,93.57008333333333,102.98766666666667
"Navarra, Comunidad Foral de",2008,179.108,23063.75,6.83,86.52758333333334,62.28866666666667,83.16033333333333,119.53533333333333,85.90474999999999,84.58058333333334,94.89299999999999,79.488,91.06858333333334,74.41766666666668,101.37308333333334
"Balears, Illes",2010,123.7295,21546.27666666667,20.18,83.98708333333333,75.64891666666666,92.34358333333334,113.904,84.62383333333334,83.87816666666667,94.27466666666668,83.01350000000001,96.13966666666666,81.36983333333333,100.85291666666666
País Vasco,2021,123.88250000000001,30951.39333333333,10.2975,100.00008333333334,99.99991666666666,99.99991666666666,100.0,99.99991666666666,100.0,100.0,99.99991666666666,100.0,99.99974999999999,99.99991666666666
"Balears, Illes",2020,135.89875,23859.726666666666,16.1875,97.81124999999999,99.23541666666667,98.40083333333332,102.98458333333333,98.589,93.92691666666667,99.01016666666668,98.98883333333333,97.83158333333334,99.1955,99.73258333333332
"Madrid, Comunidad de",2017,121.003,27009.62,13.342500000000001,93.62191666666666,96.6275,99.51325000000001,100.34775,95.32908333333334,91.57733333333333,96.16066666666666,94.87991666666666,97.80675000000001,96.11233333333332,100.15033333333334
Canarias,2020,118.96,21596.77,22.65,98.82266666666668,98.80866666666667,99.71416666666666,103.09433333333334,99.10258333333333,95.563,99.07541666666667,98.86416666666666,99.79233333333333,99.28175,100.59833333333334
Galicia,2011,129.10325,19881.366666666665,17.259999999999998,85.56816666666667,83.80991666666667,85.00458333333333,114.62183333333333,86.58283333333334,91.38600000000001,94.44749999999999,89.52166666666666,96.0405,84.53366666666666,103.41525
"Murcia, Región de",2014,98.365,20545.696666666667,26.585,91.836,92.935,97.89225,99.50991666666665,91.85208333333333,96.14008333333334,94.85266666666666,93.76741666666668,99.53966666666668,92.77974999999999,102.49133333333333
"Navarra, Comunidad Foral de",2009,161.204,23300.343333333334,10.8325,85.621,67.85766666666666,83.27075,118.41983333333333,86.73475,79.6805,93.63333333333333,81.75741666666666,93.02933333333334,77.64725,101.71375
"Madrid, Comunidad de",2009,133.98125,25747.320000000003,13.855,84.53766666666667,66.15508333333334,94.99658333333333,114.80416666666667,88.08358333333332,78.38558333333333,93.65366666666667,80.55908333333333,96.4045,78.17125,99.61125
Castilla - La Mancha,2008,149.22175,19480.42,11.6625,86.872,60.45475,88.77508333333333,115.75133333333333,86.25316666666667,85.23283333333333,96.93983333333334,82.98408333333333,96.94808333333333,72.66658333333334,108.6715
País Vasco,2020,121.362,30130.053333333333,9.5375,98.03341666666667,99.62483333333334,99.1795,103.04766666666666,98.85241666666667,93.31025,98.99308333333333,98.70100000000001,98.13433333333334,99.11158333333333,100.14833333333333
"Balears, Illes",2017,114.62700000000001,22013.49,12.5275,93.6965,97.72066666666666,97.97675,100.24125,93.38566666666667,94.84683333333334,96.26458333333333,95.71358333333335,97.01425,95.34349999999999,101.40275000000001
Cantabria,2014,97.21099999999998,21184.53,19.4175,90.44850000000001,94.60066666666667,93.78724999999999,97.46383333333334,91.23458333333333,95.34508333333333,94.65541666666667,91.73133333333334,98.88266666666668,95.04950000000001,104.18575
Cantabria,2011,122.39675,20777.38666666667,15.3,86.02991666666667,82.64108333333333,82.93975,112.15616666666666,89.59949999999999,90.86425000000001,94.09724999999999,86.19350000000001,97.8245,85.68091666666668,103.59675
Andalucía,2017,106.10074999999999,21289.03,25.505,93.94775,97.74716666666666,97.67174999999999,101.15058333333333,94.49183333333333,92.68983333333334,96.35166666666667,96.31075,98.94016666666666,95.60333333333334,101.54708333333333
Cataluña,2013,94.33725,24226.193333333333,23.12,87.79208333333334,92.42691666666667,95.35383333333334,106.21316666666667,90.262,95.78916666666667,94.26008333333333,87.84183333333334,95.99633333333333,96.94333333333333,99.97833333333334
Canarias,2008,139.78199999999998,18371.923333333336,17.235,92.18975,58.60675,93.57741666666668,114.63333333333333,85.74941666666666,81.98424999999999,102.27066666666667,88.48783333333334,107.60066666666667,76.57891666666667,110.61816666666665
Castilla - La Mancha,2013,100.5205,20475.893333333333,29.967499999999998,90.52008333333333,92.15391666666666,96.33016666666667,104.76375,91.0075,96.4545,94.95191666666666,91.69166666666666,100.51408333333335,91.83325,106.08341666666666
Cataluña,2008,162.1985,23219.303333333333,8.885,81.80533333333334,62.653333333333336,86.04450000000001,117.59191666666668,83.35858333333333,83.84308333333333,94.92733333333332,75.77575,89.08708333333334,73.85458333333334,98.82458333333334
Cataluña,2020,136.89225,27066.806666666667,12.635000000000002,98.11841666666668,99.78208333333333,99.15825000000001,103.12175,99.637,93.05,98.9395,98.69850000000001,99.22233333333332,102.74133333333333,99.57183333333334
Canarias,2016,103.34375,19703.303333333333,26.06,92.74241666666667,83.49491666666667,99.5335,100.04666666666667,92.51083333333332,89.35416666666667,97.12349999999999,95.41616666666665,101.63558333333333,97.92758333333335,102.51458333333333
Aragón,2018,109.8375,23415.556666666667,10.632499999999999,94.6565,98.88233333333334,97.81400000000001,103.40625,95.13425000000001,95.99425000000001,97.21916666666668,95.24358333333333,98.71316666666667,95.79083333333334,101.80683333333333
Comunitat Valenciana,2013,96.84025,20815.926666666666,28.05,90.63616666666667,93.02333333333333,101.35449999999999,107.48141666666668,89.80241666666666,96.49866666666667,94.97691666666667,92.01799999999999,99.5545,94.13133333333333,101.22608333333334
Extremadura,2017,101.84975000000001,19659.95666666667,26.2175,93.89433333333334,96.87075,98.49983333333334,101.98599999999999,93.952,91.68816666666667,96.56975,95.479,98.32133333333333,94.45025,101.978
"Navarra, Comunidad Foral de",2011,139.46275,24065.546666666665,12.9875,85.85083333333334,82.96675,84.27175,116.40275000000001,88.45466666666665,91.02183333333333,93.88125000000001,87.21033333333332,95.37441666666666,81.81908333333332,100.71383333333334
"Rioja, La",2009,161.12449999999998,21040.716666666667,12.6475,85.59991666666667,68.57283333333334,90.53916666666667,116.73025,88.43608333333333,77.92399999999999,93.851,83.19966666666666,92.19858333333333,80.0665,99.99849999999999
"Navarra, Comunidad Foral de",2016,101.6765,25171.123333333333,12.485,91.86891666666668,95.97458333333333,94.28333333333335,101.632,92.0295,89.05874999999999,95.59224999999999,94.86241666666666,97.778,97.51841666666667,100.26166666666667
Cantabria,2012,105.10725,20091.133333333335,17.7925,87.76716666666665,87.50758333333333,86.05591666666668,108.29925000000001,90.57283333333334,95.97308333333332,94.38483333333333,88.41808333333334,96.50725,88.56108333333333,104.47908333333334
Andalucía,2013,96.923,20679.193333333333,36.2225,91.04958333333333,93.41108333333334,96.695,105.57074999999999,90.92083333333333,95.95975,95.17066666666666,92.14158333333334,100.59458333333333,91.43133333333333,105.41058333333332
Cantabria,2018,112.938,22511.283333333336,10.675,95.43016666666666,98.88533333333334,95.47191666666667,102.65108333333335,95.44183333333332,95.09158333333333,96.96966666666667,95.72083333333335,98.9925,97.44875,102.39983333333333
"Asturias, Principado de",2012,114.53625,21608.496666666666,21.822499999999998,88.97708333333333,88.55158333333333,94.8175,111.31925,89.83808333333333,95.67416666666666,95.07491666666665,88.56058333333334,98.90266666666668,90.7985,105.53991666666667
Castilla - La Mancha,2010,143.13675,20189.616666666665,21.2225,84.13741666666667,73.94466666666666,86.74641666666666,114.31408333333333,89.40266666666666,85.33308333333333,94.79491666666667,86.18675,97.94491666666666,77.86016666666667,106.59358333333334
"Balears, Illes",2019,130.59725,23290.303333333333,11.82,96.015,98.8385,99.26683333333334,104.03491666666666,97.95,96.70741666666667,97.93858333333333,97.66175,97.149,97.68658333333333,100.18016666666666
Cantabria,2010,134.88575,20989.63,13.7,84.91391666666667,74.94008333333333,83.45375,112.996,87.67075,83.53383333333333,93.70275,84.06441666666667,96.78466666666667,84.39991666666667,103.06408333333333
Andalucía,2011,120.47600000000001,21185.13666666667,30.130000000000003,86.80008333333335,83.19283333333333,85.90141666666666,114.19525,90.55975000000001,91.73616666666668,95.01208333333334,88.39916666666666,99.62275,81.19725,105.87283333333333
"Asturias, Principado de",2014,98.5105,21922.66,21.1275,91.10083333333334,95.25233333333334,99.46175,100.03491666666667,90.07275,95.81933333333335,95.21175,90.84966666666666,98.73983333333332,95.32066666666667,105.16433333333333
"Balears, Illes",2021,143.803,24126.0,14.435,99.99983333333334,99.99991666666666,100.00008333333334,99.99991666666666,100.0,99.99991666666666,100.0,99.99991666666666,100.00008333333334,99.99983333333334,100.00008333333334
"Asturias, Principado de",2016,101.418,23061.539999999997,17.6075,93.02633333333334,95.84083333333332,100.51666666666667,100.68075,92.31758333333333,90.34424999999999,96.14800000000001,93.59541666666667,98.78391666666666,98.86783333333334,102.55933333333333
País Vasco,2008,157.0615,25192.399999999998,6.6225000000000005,83.77458333333333,63.321333333333335,87.25016666666666,116.25541666666668,83.7225,82.32341666666666,94.81383333333333,80.82558333333334,89.82408333333332,78.55725,100.22941666666667
País Vasco,2010,138.61975,26336.153333333332,10.690000000000001,83.09341666666667,75.92508333333333,86.97883333333334,114.72449999999999,87.16391666666668,82.87025,93.38966666666666,84.54791666666667,92.27633333333334,83.56400000000001,99.52583333333332
"Navarra, Comunidad Foral de",2015,100.0,24718.14333333333,13.8275,90.38791666666667,95.57858333333333,93.73483333333333,99.18016666666666,90.64358333333332,89.84816666666666,95.03491666666666,93.18441666666666,97.42941666666667,96.51841666666667,100.96991666666666
"Asturias, Principado de",2017,102.53550000000001,23628.38333333333,13.712499999999999,93.47016666666667,97.40425,100.31591666666667,101.88591666666666,94.01891666666667,94.13666666666667,96.47866666666665,94.81491666666666,98.62058333333333,101.01483333333333,103.18549999999999
Andalucía,2023,143.56825,24950.653333333332,18.24,125.91483333333333,112.30333333333333,103.54916666666666,101.85300000000001,114.75325,112.96891666666666,103.87391666666667,108.23491666666666,111.97066666666666,104.61166666666666,106.29183333333333
"Asturias, Principado de",2020,114.07225000000001,24594.686666666665,14.12,97.91391666666668,99.87016666666666,100.90308333333333,103.14633333333335,98.60849999999999,93.87008333333334,99.04808333333334,99.19133333333333,99.3685,98.716,100.2305
País Vasco,2017,107.8905,27996.47666666667,11.305,93.05525,97.074,98.1155,100.97250000000001,94.12641666666667,91.18691666666666,96.06183333333333,95.6725,96.41633333333334,96.14,101.82866666666666
"Asturias, Principado de",2018,106.12325,23857.486666666664,13.607499999999998,94.8175,99.11633333333333,99.62883333333333,103.90558333333333,95.50824999999999,97.14233333333334,97.25266666666666,96.13675,98.43008333333334,101.35966666666667,103.16366666666666
Cataluña,2021,141.62275,28124.543333333335,11.697500000000002,100.00016666666666,100.00008333333334,100.0,100.0,100.00008333333334,99.99975,100.0,99.99991666666666,100.00008333333334,100.00008333333334,99.99991666666666
"Asturias, Principado de",2013,100.7635,21983.456666666665,24.1275,91.44208333333334,94.20491666666668,100.584,106.56116666666667,89.89791666666667,96.75141666666667,95.08449999999999,90.27841666666666,99.86608333333334,93.69875,107.1105
País Vasco,2009,140.91525000000001,25851.61333333333,11.3375,83.70458333333333,68.62466666666667,87.07491666666665,115.54808333333334,85.72508333333333,77.82366666666667,93.51408333333335,82.84533333333333,91.46575,81.804,100.47641666666668
Castilla - La Mancha,2015,100.0,20511.22,26.345,90.42808333333333,94.60633333333334,96.40616666666666,96.59716666666667,92.117,90.7045,95.37075,93.37475,98.84425,94.18933333333332,103.53733333333334
Castilla y León,2010,144.791,20761.806666666667,15.7975,83.35075,74.95508333333333,87.76608333333333,115.06891666666667,86.80175000000001,83.82583333333334,94.11533333333334,85.73674999999999,94.51516666666667,79.99708333333334,102.69075
Castilla y León,2012,117.85475,20531.676666666666,19.8,87.29725,87.95766666666667,89.83049999999999,110.2805,89.25391666666667,95.40158333333333,94.64108333333333,90.26941666666666,96.69216666666667,86.82441666666666,102.76633333333332
Aragón,2008,171.54975,21236.763333333332,7.285,86.19358333333334,61.48083333333333,89.823,116.51474999999999,85.139,84.64608333333334,95.67683333333333,79.26591666666667,94.62,76.56725,107.78891666666668
"Madrid, Comunidad de",2020,143.56,28741.553333333333,12.4975,98.00441666666667,99.47116666666666,100.02766666666668,102.99316666666668,99.31675,93.43383333333334,98.95216666666666,99.23433333333332,99.52875,98.73225000000001,99.61183333333334
Comunitat Valenciana,2023,135.92075,25590.47,12.8025,125.13066666666667,111.79616666666668,103.06616666666667,101.44658333333332,114.49258333333334,113.01291666666667,104.11683333333333,108.76566666666668,111.45316666666668,102.99058333333333,106.70866666666666
Cataluña,2011,126.52224999999999,24441.623333333333,19.16,83.29275,82.23716666666667,84.59933333333333,114.88241666666666,88.128,91.2,93.69475,83.30891666666666,92.97000000000001,82.26141666666666,97.60916666666667
Aragón,2023,137.11350000000002,26779.016666666666,8.575,124.73866666666667,111.0365,104.13833333333334,101.87116666666667,111.89208333333333,111.74483333333335,105.36283333333334,108.14191666666666,111.29358333333333,104.875,106.62891666666667
"Asturias, Principado de",2021,118.80725000000001,25085.02333333333,12.335,100.0,100.0,100.0,99.99991666666666,100.0,100.00008333333334,100.0,100.0,100.00008333333334,99.99991666666666,100.00008333333334
Canarias,2014,96.71074999999999,19426.483333333334,32.417500000000004,92.16941666666666,75.06366666666666,98.93458333333332,99.37408333333333,90.00308333333334,95.09783333333333,97.81608333333332,93.88991666666668,104.76350000000001,96.41325,104.87675
"Navarra, Comunidad Foral de",2018,107.557,26202.819999999996,10.0275,93.31599999999999,98.98816666666666,95.99366666666667,104.40675,96.31283333333333,95.23441666666668,97.11383333333333,95.34066666666666,96.87616666666668,99.16716666666667,100.88166666666666
Galicia,2008,140.43925,18969.476666666666,8.635000000000002,85.14216666666667,64.64725,86.29375,117.27333333333333,81.13258333333333,84.21825,96.05583333333334,83.82441666666666,93.16208333333333,77.74725,105.46008333333333
Galicia,2019,111.99799999999999,22179.49666666667,11.7575,95.43391666666668,99.93958333333335,97.59083333333332,104.37400000000001,96.84783333333333,96.91624999999999,98.01916666666666,97.81908333333332,98.37666666666667,96.95433333333334,101.04816666666666
Canarias,2013,97.95325,19155.406666666666,33.73,93.67583333333334,71.32841666666667,98.96475,105.84775,89.70241666666668,95.197,98.81358333333333,93.43033333333334,106.04491666666667,95.81641666666667,106.854
Cantabria,2021,124.30250000000001,24412.47,11.265,99.99991666666666,99.99991666666666,100.0,100.00008333333334,99.99991666666666,100.00008333333334,100.0,100.0,100.00008333333334,99.99975,100.00008333333334
"Murcia, Región de",2017,102.612,21122.27,18.0325,94.10358333333333,96.38183333333335,98.60341666666666,101.49108333333334,94.30741666666667,92.96,96.30191666666667,96.682,98.83475,96.06400000000001,101.46175
"Balears, Illes",2022,157.03375,27118.660000000003,10.735,110.57808333333334,104.54316666666666,102.02891666666666,98.84183333333334,107.7115,111.92141666666667,102.98599999999999,102.9165,106.24225,102.80741666666667,103.81591666666667
Comunitat Valenciana,2022,130.636,24443.179999999997,13.290000000000001,112.12458333333335,103.83441666666666,101.47091666666667,98.64133333333332,106.45375,112.86591666666668,101.67141666666667,103.94600000000001,106.3645,101.37783333333334,102.14691666666666
"Rioja, La",2014,99.48325,21909.399999999998,18.16,90.65058333333333,95.36983333333335,97.09100000000001,99.722,91.70458333333333,93.00283333333334,94.58708333333334,92.69016666666666,96.43575,95.03408333333334,99.94033333333334
Comunitat Valenciana,2018,109.67625000000001,21964.61333333333,15.59,95.05399999999999,98.90525000000001,97.652,104.28649999999999,96.01566666666668,96.72141666666666,97.246,96.56,97.97500000000001,96.89458333333333,100.16216666666666
Galicia,2023,132.30624999999998,25304.26,9.7175,124.25233333333334,112.11533333333334,103.218,101.79008333333333,114.94808333333333,113.04991666666666,104.16533333333332,109.30891666666666,112.72641666666668,100.74891666666667,106.48291666666667
Galicia,2013,99.83425,19868.47333333333,22.0425,89.96183333333333,93.7925,94.21175,105.93641666666667,88.5765,95.28166666666665,94.64725,93.19058333333334,98.42399999999999,90.248,104.63308333333333
"Balears, Illes",2008,137.526,20267.2,10.1875,86.25866666666667,63.697,94.79233333333333,115.045,83.41391666666667,83.48583333333333,96.38583333333334,79.095,93.008,79.93808333333334,100.91758333333333
Canarias,2010,131.10825,19301.43,28.6,90.15458333333333,62.140166666666666,90.75441666666667,112.82291666666667,87.26241666666665,81.29016666666666,99.71541666666667,90.69675000000001,107.17233333333333,81.64308333333334,108.08416666666666
Extremadura,2011,130.76325,19752.86,25.080000000000002,88.11458333333333,82.49241666666667,90.212,115.44508333333333,90.29208333333334,91.57600000000001,95.61508333333335,88.3875,98.93466666666666,81.68308333333333,108.78366666666666
Cataluña,2010,139.89249999999998,24364.11666666667,17.6575,81.58891666666666,75.00683333333333,85.36525,115.83083333333333,86.57683333333334,84.42399999999999,93.3245,80.56016666666666,91.7495,79.69025,97.51641666666667
Galicia,2009,138.72,19659.593333333334,12.4375,84.2605,69.73616666666668,85.74391666666666,116.4665,83.36708333333333,79.34866666666666,94.53991666666667,85.63541666666667,94.70275,80.74166666666666,105.00816666666667
"Asturias, Principado de",2010,142.1955,22066.103333333333,15.915000000000001,84.67691666666667,75.73649999999999,93.04783333333334,116.15816666666667,87.00166666666667,84.9875,94.27916666666665,84.62166666666667,96.37258333333334,86.57416666666667,105.06725
País Vasco,2019,118.6875,29401.0,9.15,95.36966666666666,99.43650000000001,98.72166666666668,104.23983333333332,97.68925,96.84100000000001,98.03166666666668,97.85808333333334,97.69350000000001,98.02941666666668,101.22491666666667
Cataluña,2019,134.144,25973.933333333334,11.0325,95.85375,99.12891666666667,99.15425,104.43599999999999,98.69766666666668,97.10425,97.91816666666666,97.19775,98.72666666666667,102.95516666666667,100.07216666666666
"Madrid, Comunidad de",2019,141.142,27740.813333333335,10.622499999999999,96.10674999999999,99.28616666666666,100.29441666666666,104.06433333333332,98.82916666666667,96.80441666666667,97.96075,97.65216666666667,99.06091666666667,98.082,99.35866666666668
Castilla - La Mancha,2021,111.66900000000001,23095.486666666668,15.677500000000002,100.00008333333334,99.99983333333334,100.0,99.99983333333334,100.0,99.99991666666666,99.99991666666666,100.00008333333334,100.0,100.00016666666666,100.0
Castilla y León,2016,101.0565,21553.213333333333,15.825,91.96308333333333,95.93891666666667,96.15125,99.88525,92.72458333333333,87.20100000000001,95.61841666666668,95.38633333333333,97.52008333333333,98.56124999999999,100.7955
"Balears, Illes",2013,93.5805,20786.48,22.335,89.78533333333333,92.83508333333333,99.60475000000001,104.38183333333335,87.53816666666667,96.81341666666667,94.71008333333333,89.28991666666667,97.5595,90.20791666666666,101.30191666666667
"Balears, Illes",2018,123.18499999999999,22774.73,11.6775,95.00283333333334,99.24874999999999,99.08125,102.91475000000001,95.38408333333332,96.77241666666667,97.03275000000001,96.91766666666666,97.05866666666667,96.52441666666668,100.45783333333333
"Asturias, Principado de",2008,145.64725,21521.343333333334,8.5,87.25574999999999,62.43283333333333,93.38541666666667,118.00308333333334,83.53941666666667,84.57966666666667,96.15066666666667,80.95183333333334,93.44841666666667,80.95491666666668,106.88241666666666
"Asturias, Principado de",2019,110.56049999999999,24882.073333333334,14.1925,95.78508333333333,99.50433333333332,100.14766666666667,104.51350000000001,96.74141666666667,98.11749999999999,98.15825,97.91558333333334,98.80075,99.52299999999998,102.12975
Galicia,2017,103.7165,21587.016666666666,15.6675,93.36033333333334,97.64183333333334,95.7975,101.39008333333334,92.392,93.32158333333332,96.31916666666666,96.43216666666666,97.71175,94.47591666666666,101.98975
Galicia,2021,119.78025,23334.806666666667,11.545,100.0,100.0,99.99991666666666,99.99991666666666,99.99983333333334,99.99991666666666,100.0,99.99991666666666,100.00008333333334,100.00008333333334,100.0
Aragón,2011,135.82575,22141.196666666667,17.0775,85.76425,82.87358333333333,88.80283333333334,114.01433333333334,87.94349999999999,91.5125,94.40908333333334,85.79033333333332,97.67141666666667,84.39033333333333,105.20333333333333
Andalucía,2019,117.35775,21993.39333333333,21.1875,96.13916666666667,99.528,98.67633333333333,104.29866666666668,98.02666666666666,96.59741666666666,98.03191666666667,98.20408333333334,99.22699999999999,98.18283333333333,100.88558333333333
Extremadura,2009,137.25975,18952.45,20.63,86.95524999999999,66.40625,92.44475,117.40908333333334,87.92675000000001,78.82408333333333,96.28541666666666,84.2525,98.24533333333333,78.17183333333334,110.19308333333333
"Murcia, Región de",2010,137.4435,20728.04333333333,22.8625,86.38141666666667,73.93491666666667,89.94358333333334,115.42433333333334,88.86716666666666,85.17491666666668,94.10716666666667,86.30475,96.40225,81.16533333333332,103.66525
"Asturias, Principado de",2023,130.90075000000002,27919.646666666667,12.1225,123.45508333333333,111.71908333333333,100.88758333333334,101.61425000000001,111.92208333333333,112.82791666666667,108.5745,107.75583333333333,112.25,105.28116666666666,106.93374999999999
Galicia,2010,136.011,20186.436666666665,15.325000000000001,83.43591666666667,76.58958333333334,85.77591666666666,115.56991666666666,84.85958333333333,84.837,94.2305,87.30291666666666,94.90133333333334,82.67833333333333,103.49641666666668
Castilla - La Mancha,2011,133.94575,20479.47333333333,23.075,86.21591666666666,81.86341666666667,85.77591666666666,113.39916666666666,90.44099999999999,92.22733333333333,94.91425,88.60849999999999,98.90541666666667,79.87241666666667,106.05216666666666
"Madrid, Comunidad de",2021,147.206,29434.843333333334,11.687500000000002,100.0,99.99991666666666,100.00008333333334,100.0,99.99991666666666,100.0,99.99983333333334,99.99991666666666,100.00008333333334,99.99983333333334,99.99991666666666
Castilla - La Mancha,2019,107.643,21780.89,16.205,95.96416666666666,98.76166666666667,98.46991666666666,104.11966666666666,97.43733333333334,96.59016666666666,98.09224999999999,97.50116666666666,98.37950000000001,97.60441666666668,101.33633333333334
Andalucía,2012,106.26725,20770.716666666667,34.3525,88.59249999999999,88.18458333333332,89.14983333333333,110.29291666666667,90.95708333333333,95.709,95.20966666666668,90.31683333333332,99.89108333333333,84.94500000000001,105.6945
"Murcia, Región de",2009,138.88175,20147.99,20.3275,87.17383333333333,66.47675,91.29275,116.30125,88.43908333333333,79.39058333333334,94.3455,84.81150000000001,96.3675,78.94066666666667,105.57008333333333
Canarias,2011,123.6105,19477.586666666666,29.28,91.86191666666667,65.63741666666667,88.74725000000001,111.88791666666667,88.65083333333332,88.42158333333333,99.457,91.90716666666667,107.28091666666667,83.6065,107.17558333333334
Galicia,2020,114.516,22852.45,12.014999999999999,97.84966666666666,100.29616666666668,98.30566666666668,103.10199999999999,98.63974999999999,92.83616666666666,98.98908333333333,99.22316666666666,99.08566666666667,98.55483333333332,99.943
Canarias,2019,117.58699999999999,20828.216666666664,20.5,96.222,96.46600000000001,99.46758333333332,104.35591666666666,97.67091666666666,95.9445,98.14341666666667,97.383,99.47224999999999,98.85433333333333,102.0195
Castilla y León,2019,112.08324999999999,22047.11333333333,11.64,95.57858333333333,99.45108333333333,98.24166666666667,104.30541666666666,97.79383333333334,96.88566666666667,98.09325,97.84733333333332,98.03683333333333,99.86858333333333,101.08291666666666
Castilla y León,2022,125.98775,24169.413333333334,9.93,112.32575000000001,103.78108333333334,100.74483333333335,98.75016666666666,106.52674999999999,112.85883333333334,101.28025000000001,103.49041666666666,106.25908333333332,100.77533333333334,102.34566666666666
"Madrid, Comunidad de",2010,134.5085,25908.8,15.8425,84.02091666666666,73.91333333333333,93.91741666666667,114.02166666666666,88.95125,84.0345,93.41566666666667,82.67091666666667,97.13191666666667,79.47525,98.52416666666666
Galicia,2012,112.3845,19392.013333333332,20.5325,87.49466666666666,88.45858333333332,87.62141666666666,110.69666666666666,87.61916666666667,95.03208333333333,94.63816666666666,91.31391666666667,97.13216666666666,87.349,103.92366666666668
Comunitat Valenciana,2009,137.29825,20289.383333333335,20.7625,85.38733333333333,66.61133333333333,94.19708333333334,118.26491666666668,86.77625,79.77758333333334,94.76991666666667,84.86266666666667,96.78883333333333,80.06591666666667,101.53908333333334
Cataluña,2014,95.396,23899.92,20.325000000000003,87.87791666666668,93.53091666666667,96.01191666666666,99.70816666666667,90.73341666666666,94.77516666666668,94.47191666666667,89.235,95.90241666666667,97.81083333333333,99.24566666666668
"Murcia, Región de",2023,132.505,25201.27666666667,12.775,125.89166666666667,112.45033333333333,103.32533333333333,101.71791666666667,113.10433333333333,112.8565,105.61025000000001,108.23958333333333,113.69125000000001,102.83300000000001,107.50425
"Balears, Illes",2012,100.78925000000001,20947.27,23.2575,87.18008333333334,87.69433333333332,93.0175,109.07758333333334,86.64316666666667,95.37691666666666,94.65333333333332,87.22633333333333,97.253,86.0725,101.036
"Rioja, La",2010,155.023,20936.116666666665,14.145,84.56858333333334,76.13475,90.38066666666667,115.82141666666666,89.13066666666667,83.20058333333334,93.78866666666666,85.60516666666666,92.21,82.13391666666666,97.62516666666666
"Balears, Illes",2016,106.176,21489.263333333332,13.9575,92.67241666666666,96.04575,97.71325,98.78949999999999,90.791,91.08766666666666,95.84041666666667,94.02991666666667,97.34116666666667,94.25716666666666,100.54491666666667
Castilla - La Mancha,2014,97.84549999999999,20507.083333333332,28.994999999999997,89.37675,93.42283333333334,96.38033333333334,98.3845,91.78883333333333,95.17666666666666,95.05250000000001,92.49541666666666,99.3605,93.17191666666668,104.15275000000001
Aragón,2020,119.48750000000001,23994.793333333335,11.7025,97.67333333333333,99.88883333333332,99.74291666666666,103.06041666666665,98.961,93.29033333333332,98.92375,98.454,98.5575,98.45549999999999,100.14783333333334
País Vasco,2015,100.0,27399.12,14.764999999999999,90.4885,95.14258333333333,96.12400000000001,97.13608333333333,91.51016666666668,89.12758333333333,94.64833333333333,93.36858333333333,96.19333333333333,94.05741666666665,101.00908333333332
Comunitat Valenciana,2008,145.20625,19587.483333333334,11.9775,86.4355,60.89991666666666,95.17925000000001,119.32516666666668,85.00166666666667,84.706,96.19441666666667,83.12308333333333,95.57591666666667,80.45933333333333,101.72008333333333
"Balears, Illes",2011,116.97975,21305.73,21.9475,85.17216666666667,82.80058333333334,90.75274999999999,113.017,85.44716666666666,90.38324999999999,94.37808333333334,85.40541666666667,97.09516666666667,83.15275,99.57491666666665
"Navarra, Comunidad Foral de",2010,151.0575,23578.173333333336,11.9025,84.58466666666666,75.25016666666666,84.08458333333333,117.39058333333332,87.27833333333332,84.45433333333334,93.49975,84.03741666666667,93.618,79.68283333333333,100.29333333333334
Castilla - La Mancha,2009,144.76975000000002,19973.106666666667,18.872500000000002,85.33666666666666,66.16908333333333,87.938,115.12433333333333,88.2445,79.96891666666666,95.27708333333334,84.5415,97.78741666666667,75.62925,107.46108333333332
"Balears, Illes",2009,126.27799999999999,21019.596666666668,17.97,85.36025000000001,68.758,93.711,114.62241666666667,84.25758333333333,78.95958333333333,94.59625,81.34816666666667,94.89733333333334,79.0445,100.95
Comunitat Valenciana,2017,105.3845,21251.313333333335,18.177500000000002,93.45341666666667,97.34816666666666,97.36491666666666,102.50066666666667,93.92858333333334,93.09275000000001,96.50191666666666,95.59566666666666,97.74799999999999,96.71266666666668,99.85383333333334
Castilla y León,2017,102.71025,21808.87,14.0775,93.35575,97.44333333333333,97.18400000000001,101.19099999999999,94.26533333333333,90.93066666666665,96.28758333333333,95.90941666666667,97.15091666666666,99.51933333333334,101.82233333333333
"Madrid, Comunidad de",2018,133.32475,26917.753333333338,12.219999999999999,95.12516666666666,98.49008333333335,99.6805,102.97675,97.15133333333334,94.70941666666666,97.01158333333335,95.96999999999998,98.21216666666668,96.91666666666667,99.75133333333333
País Vasco,2011,127.96575000000001,26104.203333333335,12.3475,84.8855,83.2735,86.47408333333334,113.82091666666668,88.6635,89.25599999999999,93.70333333333333,86.84483333333333,93.63608333333333,84.63674999999999,99.80091666666668
"Rioja, La",2011,137.90925,20945.75333333333,17.2075,86.5425,83.99041666666666,89.97975000000001,114.87583333333333,89.99166666666667,89.77358333333332,94.05483333333332,88.59116666666667,93.33358333333332,84.60825,99.16791666666666
Cataluña,2012,106.51325,24401.286666666667,22.515,85.37458333333332,87.07541666666667,90.74341666666668,110.97316666666667,89.48541666666667,95.84808333333332,94.11583333333333,85.53525,94.38475,87.71858333333334,98.65291666666667
Castilla - La Mancha,2018,103.97524999999999,21601.783333333333,18.165,94.827,98.12075,98.014,103.08941666666668,95.59516666666667,96.03291666666667,97.22516666666667,96.19116666666667,97.78941666666667,96.44383333333333,101.97949999999999
Canarias,2023,144.51,24025.690000000002,16.075,127.00358333333334,108.5125,103.26625,101.80149999999999,114.76241666666665,113.17025000000001,98.04141666666668,108.70558333333334,111.20841666666666,104.81183333333333,107.07516666666668
Andalucía,2010,128.1085,20783.216666666667,27.7725,85.14683333333333,75.098,87.38974999999999,115.12058333333333,89.22116666666666,84.72266666666667,94.84091666666666,86.03724999999999,98.56558333333334,79.20408333333334,106.45758333333333
País Vasco,2023,136.31625,33381.40333333333,7.734999999999999,123.53991666666667,111.54566666666666,102.94491666666666,101.89158333333334,112.56233333333334,111.553,104.86958333333332,109.40883333333333,113.04391666666668,103.55491666666666,107.96633333333334
Castilla y León,2021,118.7995,23541.070000000003,11.620000000000001,99.99983333333334,100.00008333333334,99.99991666666666,100.00008333333334,100.0,100.0,99.99991666666666,100.0,99.99991666666666,100.0,100.00008333333334
Castilla - La Mancha,2022,118.28399999999999,23625.86333333333,14.6375,112.49291666666666,104.15508333333334,100.5545,98.81508333333333,107.12266666666666,112.69916666666666,103.99525,103.754,106.42341666666668,101.80141666666667,101.89741666666667
Galicia,2022,127.68475000000001,24236.440000000002,11.04,111.24991666666666,104.85933333333332,101.65325,98.73816666666666,107.51525,112.60566666666666,103.27066666666667,103.89375,107.01408333333335,100.42983333333332,102.44425
Cantabria,2023,143.358,26480.45,8.1425,125.00574999999999,112.36591666666668,102.20283333333333,102.25191666666667,113.54433333333333,111.53000000000002,103.07249999999999,110.21316666666667,109.74775,103.50150000000001,107.31858333333334
Andalucía,2014,97.077,20652.583333333332,34.78,90.66316666666667,94.71358333333335,96.39616666666666,99.13100000000001,91.0625,94.92200000000001,95.25758333333333,92.97983333333333,99.88616666666667,92.68933333333332,102.8845
Cantabria,2022,136.34300000000002,25225.36,9.575,111.30733333333335,104.41375,101.00458333333334,98.87025,105.86158333333333,112.64308333333334,100.99041666666666,104.04925000000001,104.46050000000001,101.05966666666667,102.92933333333333
Andalucía,2015,99.99999999999999,21307.396666666667,31.54,91.46716666666667,95.95683333333334,96.66025,97.33425,91.85958333333333,90.72275,95.55241666666666,94.486,99.53733333333334,93.54133333333334,101.96208333333334
"Navarra, Comunidad Foral de",2020,113.49125,27787.0,10.055,97.45066666666666,99.90816666666666,98.45425,103.2315,98.88974999999999,93.45916666666666,98.99933333333333,98.67458333333333,97.8625,100.56124999999999,99.85325
"Rioja, La",2017,104.03675000000001,22136.083333333332,11.9925,94.6225,97.95233333333334,97.37191666666666,101.62608333333333,93.7325,90.6775,96.10858333333333,95.85716666666667,97.1105,97.66216666666668,102.11466666666666
"Rioja, La",2021,121.33125000000001,23780.236666666668,11.605,100.00016666666666,99.99991666666666,100.0,100.0,100.0,100.0,100.00008333333334,100.0,100.0,100.00041666666668,99.99991666666666
Cantabria,2009,143.5065,20671.170000000002,12.0,85.90858333333334,67.61633333333333,84.39525,113.68341666666667,86.759,77.48066666666666,93.88458333333334,82.08858333333333,96.39933333333333,82.399,103.62558333333334
Cantabria,2020,117.82925,23432.02666666667,12.165,98.12116666666667,99.27458333333334,98.75983333333333,102.92666666666666,98.89483333333334,93.26925,98.8775,98.39608333333332,99.28441666666667,99.4255,99.92541666666666
"Murcia, Región de",2019,110.97300000000001,21948.216666666664,14.679999999999998,96.32933333333334,98.28841666666666,99.15716666666667,104.39025,97.28758333333333,96.71175,98.10825,98.76108333333333,98.75933333333334,98.22633333333333,100.2885
País Vasco,2013,99.53525,26638.336666666666,16.572499999999998,89.74758333333334,93.37791666666668,92.27983333333333,105.27133333333332,90.59750000000001,93.37516666666666,94.09816666666666,90.77233333333334,96.54191666666667,89.63116666666667,102.38941666666666
Castilla - La Mancha,2016,100.8375,20636.996666666666,23.547500000000003,91.88741666666668,94.99733333333334,97.20566666666667,99.12150000000001,92.71841666666667,88.79475000000001,95.91783333333335,94.78425,98.9045,94.80766666666666,102.12458333333332
Cantabria,2019,116.42325,23247.703333333335,10.280000000000001,95.906,99.23341666666666,97.18208333333332,103.89925,97.37008333333334,97.91116666666666,97.82158333333332,96.39166666666667,99.16591666666666,98.01766666666667,99.96591666666667
Castilla y León,2008,152.999,19969.683333333334,9.6125,85.11933333333333,61.73791666666667,88.57908333333334,116.698,83.33958333333334,83.65108333333333,95.9515,82.22291666666666,92.72366666666666,74.81033333333333,105.15158333333333
Cataluña,2016,107.02024999999999,24379.246666666662,15.7125,90.96016666666667,94.95783333333333,96.30508333333334,100.36058333333334,92.82108333333333,88.65775000000001,95.50975,92.84216666666667,96.9975,100.1615,98.78583333333334
"Rioja, La",2016,101.96000000000001,21899.86333333333,13.535,93.44966666666666,96.49308333333333,97.00458333333334,100.38116666666667,92.79258333333333,87.21658333333333,95.4885,95.24016666666667,96.62291666666665,96.50033333333333,100.91283333333332
"Balears, Illes",2014,93.98724999999999,21367.006666666668,20.14,89.65366666666667,94.25875,98.57483333333333,98.03366666666666,88.33425,96.70591666666667,94.82958333333333,90.53866666666666,97.68408333333333,91.96116666666666,101.65075
Castilla y León,2011,135.80025,20901.953333333335,16.867500000000003,85.08333333333333,82.815,87.27533333333334,114.15350000000001,88.21916666666665,90.392,94.37625000000001,88.23450000000001,95.35083333333334,82.3585,102.40325
Comunitat Valenciana,2015,100.0,20888.643333333333,22.78,91.7145,95.67525,101.67683333333333,98.91541666666666,91.24591666666667,90.84033333333333,95.30391666666667,93.76991666666667,98.27983333333333,96.003,100.09641666666666
"Murcia, Región de",2020,114.37825000000001,22718.006666666664,16.17,98.67491666666666,99.32166666666666,100.32858333333333,103.09833333333334,98.75366666666667,92.15083333333332,99.08466666666668,99.52175,99.34166666666665,99.41725000000001,99.37633333333333
Cataluña,2018,127.54825000000001,25494.323333333334,11.49,94.36283333333334,98.25274999999999,98.24158333333334,103.74208333333333,96.59075,96.46758333333332,96.99208333333333,95.42208333333333,97.68733333333334,101.74966666666666,100.23058333333334
Castilla - La Mancha,2017,101.58224999999999,20840.553333333333,20.765,93.35216666666666,96.49275,97.79058333333334,100.53041666666667,93.5785,92.76549999999999,96.43091666666668,95.42491666666666,98.13158333333332,95.37025,102.32166666666667
"Asturias, Principado de",2015,100.0,22755.36,19.11,91.52683333333334,96.14291666666666,99.36691666666667,98.20366666666666,90.92116666666668,92.03783333333332,95.62683333333332,92.27674999999999,98.40441666666668,96.87175,104.29450000000001
País Vasco,2022,131.765,32241.36333333333,8.8825,111.19358333333334,104.26633333333332,100.60733333333333,98.76933333333334,105.96625,111.19616666666667,102.794,103.75641666666667,106.60341666666666,101.64075000000001,103.16991666666667
Castilla y León,2018,106.9205,21935.033333333336,12.105,94.73641666666667,99.17899999999999,97.47216666666667,103.4805,95.82908333333334,94.30375,97.14216666666665,96.59658333333334,97.2595,100.00925,101.5665
"Murcia, Región de",2015,100.0,20747.446666666667,24.615,92.72608333333334,94.19308333333333,97.80633333333333,97.75208333333335,92.29141666666668,91.44425000000001,95.19749999999999,94.79375,99.18608333333333,93.34291666666667,102.38175
Canarias,2021,125.79175000000001,22421.52,23.5175,100.0,99.99991666666666,100.00016666666666,99.99991666666666,100.0,99.99991666666666,99.99991666666666,99.99991666666666,99.99991666666666,100.0,100.00008333333334
Andalucía,2020,120.0975,22209.063333333335,22.2675,98.44675,100.05650000000001,99.27216666666668,103.07266666666668,99.094,92.94008333333333,99.01041666666667,99.40858333333334,99.28125,99.06133333333334,100.11141666666667
Galicia,2016,101.957,21050.266666666666,17.154999999999998,92.10758333333332,95.86725,94.79450000000001,100.1075,90.63358333333333,89.47191666666667,95.8215,95.89266666666667,97.67058333333334,93.21600000000001,101.29158333333334
"Navarra, Comunidad Foral de",2021,116.689,28303.91,10.712499999999999,100.00008333333334,100.0,99.99991666666666,100.00008333333334,99.99991666666666,100.00016666666666,99.99991666666666,100.0,99.99983333333334,99.99991666666666,99.99991666666666
"Navarra, Comunidad Foral de",2012,119.9025,23626.436666666665,16.1625,88.12958333333334,88.09541666666667,86.43541666666665,112.51858333333332,89.16558333333334,94.68083333333334,94.24741666666667,89.54591666666666,97.67283333333334,86.25433333333332,102.08166666666666
"Rioja, La",2020,117.18,23305.649999999998,10.8,98.97675,100.73525000000001,98.35425,103.12175,98.33466666666668,93.03358333333334,98.98491666666666,98.392,99.05958333333332,100.99566666666668,100.11491666666666
"Madrid, Comunidad de",2008,149.45850000000002,25095.26,8.6,85.72308333333332,60.436,95.41141666666665,115.37849999999999,86.6325,82.70383333333334,95.40433333333334,78.2325,94.8605,75.71433333333333,99.80925
Galicia,2014,98.655,20165.99,21.6525,89.64958333333334,94.4905,94.25691666666667,99.44875,89.09558333333332,95.64466666666668,94.81275,93.68374999999999,97.86758333333334,91.60141666666668,103.3285
"Murcia, Región de",2022,129.51475,23682.906666666666,13.585,112.77341666666666,103.53033333333333,101.20858333333332,98.72116666666666,106.40991666666667,113.64458333333333,105.23733333333332,103.06791666666668,107.95183333333334,100.90433333333334,103.18400000000001
Canarias,2022,137.24025,23086.86666666667,17.64,111.76483333333333,103.27575,101.06258333333334,98.74191666666667,106.08449999999999,111.61358333333334,97.72308333333332,103.99725000000001,106.05658333333332,101.721,102.84224999999999
Canarias,2009,134.4405,18854.643333333337,26.0,91.60374999999999,61.16408333333334,92.168,113.74091666666668,86.98141666666668,76.10608333333333,100.29341666666666,89.70841666666666,108.02833333333332,79.66075,109.62758333333333
Cantabria,2017,106.68275,22217.513333333336,13.565,93.67666666666666,96.94566666666667,95.15249999999999,99.83675,93.61575,91.31258333333334,96.18400000000001,95.24433333333333,98.99325,97.47133333333333,103.45558333333334
"Balears, Illes",2023,163.44299999999998,27517.36666666667,10.48,123.52966666666667,113.12725,107.117,102.16166666666668,115.53341666666667,112.77766666666668,106.10558333333334,108.88616666666667,111.44308333333333,105.40974999999999,108.78033333333333
