salario,comunidad,anio,ipc_valor,poder_adquisitivo
28049.94,Total Nacional,2023,109.01933333333334,257.29326296864775
26948.87,Total Nacional,2022,105.7216730769231,254.90393043999597
25896.82,Total Nacional,2021,99.99996794871795,258.9682830026548
25165.51,Total Nacional,2020,98.1816346153846,256.3158588526564
24395.98,Total Nacional,2019,98.30401923076923,248.16869331385425
24009.12,Total Nacional,2018,97.61655769230768,245.9533563524946
23646.5,Total Nacional,2017,96.29589743589743,245.5608248081501
23156.34,Total Nacional,2016,94.88607051282052,244.04361857171895
23106.3,Total Nacional,2015,94.81678205128203,243.69420159716944
22858.17,Total Nacional,2014,95.05655128205129,240.46917010670163
22697.86,Total Nacional,2013,95.36280128205128,238.01586881731086
22726.44,Total Nacional,2012,93.60912179487178,242.78018599299614
22899.35,Total Nacional,2011,91.63215384615384,249.9051810835632
22790.2,Total Nacional,2010,89.34158974358975,255.09060299249035
22511.47,Total Nacional,2009,87.915891025641,256.05689412207
21883.42,Total Nacional,2008,87.55081410256412,249.95107383426483
25051.51,Andalucía,2023,109.01933333333334,229.78960918246915
24094.32,Andalucía,2022,105.7216730769231,227.90331725519488
23154.99,Andalucía,2021,99.99996794871795,231.54997421473533
22323.85,Andalucía,2020,98.1816346153846,227.3729714060185
22060.99,Andalucía,2019,98.30401923076923,224.41595137846505
21805.92,Andalucía,2018,97.61655769230768,223.38341481711905
21404.28,Andalucía,2017,96.29589743589743,222.27613605500142
21268.41,Andalucía,2016,94.88607051282052,224.14680980098464
21381.03,Andalucía,2015,94.81678205128203,225.49837209657656
20840.3,Andalucía,2014,95.05655128205129,219.24106985706618
20782.03,Andalucía,2013,95.36280128205128,217.92595981460008
20891.63,Andalucía,2012,93.60912179487178,223.1794252464028
21350.98,Andalucía,2011,91.63215384615384,233.0075099603935
20964.36,Andalucía,2010,89.34158974358975,234.65398433325046
20906.33,Andalucía,2009,87.915891025641,237.79921645681316
20138.56,Andalucía,2008,87.55081410256412,230.02139050823743
26822.32,Aragón,2023,109.01933333333334,246.03269144922308
26012.71,Aragón,2022,105.7216730769231,246.0489816602992
25011.55,Aragón,2021,99.99996794871795,250.11558016525004
24113.57,Aragón,2020,98.1816346153846,245.60163511701728
23565.09,Aragón,2019,98.30401923076923,239.7164448045692
23531.83,Aragón,2018,97.61655769230768,241.06391944462453
23039.94,Aragón,2017,96.29589743589743,239.26190641026324
22248.76,Aragón,2016,94.88607051282052,234.47867405357312
22327.18,Aragón,2015,94.81678205128203,235.4770908374032
22095.79,Aragón,2014,95.05655128205129,232.4488917595747
22054.85,Aragón,2013,95.36280128205128,231.2730928988666
22103.79,Aragón,2012,93.60912179487178,236.1285906349665
22333.53,Aragón,2011,91.63215384615384,243.73027439142123
22316.69,Aragón,2010,89.34158974358975,249.79060775668836
22133.77,Aragón,2009,87.915891025641,251.76074247538028
21594.47,Aragón,2008,87.55081410256412,246.65070475189972
27916.6,"Asturias, Principado de",2023,109.01933333333334,256.07017715512234
26745.93,"Asturias, Principado de",2022,105.7216730769231,252.98436187762238
25046.6,"Asturias, Principado de",2021,99.99996794871795,250.4660802775898
24527.96,"Asturias, Principado de",2020,98.1816346153846,249.82228189707268
24865.89,"Asturias, Principado de",2019,98.30401923076923,252.94886409097055
23914.61,"Asturias, Principado de",2018,97.61655769230768,244.98518043813897
23609.67,"Asturias, Principado de",2017,96.29589743589743,245.178357839352
23095.83,"Asturias, Principado de",2016,94.88607051282052,243.4059064220539
22826.06,"Asturias, Principado de",2015,94.81678205128203,240.7386066704356
22045.29,"Asturias, Principado de",2014,95.05655128205129,231.91762906048774
21994.99,"Asturias, Principado de",2013,95.36280128205128,230.64538482826418
21750.66,"Asturias, Principado de",2012,93.60912179487178,232.3562018631348
22286.48,"Asturias, Principado de",2011,91.63215384615384,243.2168083423857
22241.39,"Asturias, Principado de",2010,89.34158974358975,248.94777520562104
22597.97,"Asturias, Principado de",2009,87.915891025641,257.0407890583651
21805.67,"Asturias, Principado de",2008,87.55081410256412,249.06301812859294
27537.0,"Balears, Illes",2023,109.01933333333334,252.5882259415761
27145.79,"Balears, Illes",2022,105.7216730769231,256.7665570355543
24134.73,"Balears, Illes",2021,99.99996794871795,241.34737735492862
23881.42,"Balears, Illes",2020,98.1816346153846,243.23713995547894
23325.33,"Balears, Illes",2019,98.30401923076923,237.27748043794284
22800.87,"Balears, Illes",2018,97.61655769230768,233.575845522739
22036.46,"Balears, Illes",2017,96.29589743589743,228.84110940104486
21478.34,"Balears, Illes",2016,94.88607051282052,226.35925256382026
21395.42,"Balears, Illes",2015,94.81678205128203,225.65013847894775
21322.08,"Balears, Illes",2014,95.05655128205129,224.30942120689022
20776.29,"Balears, Illes",2013,95.36280128205128,217.8657686297478
20960.53,"Balears, Illes",2012,93.60912179487178,223.91546462674202
21351.0,"Balears, Illes",2011,91.63215384615384,233.00772822438884
21613.6,"Balears, Illes",2010,89.34158974358975,241.92092464473717
21070.14,"Balears, Illes",2009,87.915891025641,239.66247460148944
20388.09,"Balears, Illes",2008,87.55081410256412,232.87150678137314
24033.57,Canarias,2023,109.01933333333334,220.45236624696537
23096.92,Canarias,2022,105.7216730769231,218.46911165693223
22466.23,Canarias,2021,99.99996794871795,224.6623720071705
21631.17,Canarias,2020,98.1816346153846,220.31788414134323
20861.14,Canarias,2019,98.30401923076923,212.2104483950789
20763.48,Canarias,2018,97.61655769230768,212.70448877584414
20185.33,Canarias,2017,96.29589743589743,209.61775670076744
19749.03,Canarias,2016,94.88607051282052,208.13413278961332
19856.61,Canarias,2015,94.81678205128203,209.420838488913
19436.48,Canarias,2014,95.05655128205129,204.47280842672464
19167.93,Canarias,2013,95.36280128205128,201.0000727989069
19277.62,Canarias,2012,93.60912179487178,205.93740898716658
19516.96,Canarias,2011,91.63215384615384,212.99248332379128
19315.56,Canarias,2010,89.34158974358975,216.19897357362493
18926.36,Canarias,2009,87.915891025641,215.27803198263732
18466.99,Canarias,2008,87.55081410256412,210.92882104290055
26568.7,Cantabria,2023,109.01933333333334,243.70631508784373
25291.14,Cantabria,2022,105.7216730769231,239.22379644520157
24470.7,Cantabria,2021,99.99996794871795,244.70707843175592
23495.12,Cantabria,2020,98.1816346153846,239.30259556218903
23347.52,Cantabria,2019,98.30401923076923,237.5032087466492
22554.83,Cantabria,2018,97.61655769230768,231.05537147800237
22390.4,Cantabria,2017,96.29589743589743,232.51665539443064
22063.02,Cantabria,2016,94.88607051282052,232.52116860523756
21856.81,Cantabria,2015,94.81678205128203,230.5162601719457
21199.83,Cantabria,2014,95.05655128205129,223.02334467296188
20052.12,Cantabria,2013,95.36280128205128,210.27192710806108
20191.51,Cantabria,2012,93.60912179487178,215.7002396010744
20931.68,Cantabria,2011,91.63215384615384,228.43160529810666
21156.79,Cantabria,2010,89.34158974358975,236.8078524315491
20869.86,Cantabria,2009,87.915891025641,237.38438815245843
20377.68,Cantabria,2008,87.55081410256412,232.75260440328898
25227.03,Castilla y León,2023,109.01933333333334,231.39959884791077
24186.89,Castilla y León,2022,105.7216730769231,228.77891822996045
23564.33,Castilla y León,2021,99.99996794871795,235.64337552672293
22948.76,Castilla y León,2020,98.1816346153846,233.73780738015984
22061.44,Castilla y León,2019,98.30401923076923,224.4205290142883
22034.53,Castilla y León,2018,97.61655769230768,225.72533308799876
21846.88,Castilla y León,2017,96.29589743589743,226.8723858619533
21551.57,Castilla y León,2016,94.88607051282052,227.13102021743077
21296.1,Castilla y León,2015,94.81678205128203,224.60264458755748
20524.83,Castilla y León,2014,95.05655128205129,215.92230859605706
20440.56,Castilla y León,2013,95.36280128205128,214.3452134920372
20569.14,Castilla y León,2012,93.60912179487178,219.73435500307028
21029.37,Castilla y León,2011,91.63215384615384,229.49771578334108
20960.87,Castilla y León,2010,89.34158974358975,234.61492077942276
21037.13,Castilla y León,2009,87.915891025641,239.28700209458654
20218.21,Castilla y León,2008,87.55081410256412,230.93114789674885
24885.63,Castilla - La Mancha,2023,109.01933333333334,228.2680442001113
23751.71,Castilla - La Mancha,2022,105.7216730769231,224.6626383099164
23234.55,Castilla - La Mancha,2021,99.99996794871795,232.3455744697354
22575.01,Castilla - La Mancha,2020,98.1816346153846,229.93108729993176
21908.92,Castilla - La Mancha,2019,98.30401923076923,222.86901564592887
21756.38,Castilla - La Mancha,2018,97.61655769230768,222.87591894581254
21033.32,Castilla - La Mancha,2017,96.29589743589743,218.4238431756818
20825.87,Castilla - La Mancha,2016,94.88607051282052,219.48290078242954
20670.55,Castilla - La Mancha,2015,94.81678205128203,218.00518381672404
20644.88,Castilla - La Mancha,2014,95.05655128205129,217.18524101240138
20630.07,Castilla - La Mancha,2013,95.36280128205128,216.33246635638514
20536.42,Castilla - La Mancha,2012,93.60912179487178,219.3848164178061
20664.9,Castilla - La Mancha,2011,91.63215384615384,225.52018186427676
20363.01,Castilla - La Mancha,2010,89.34158974358975,227.92307656984627
20228.79,Castilla - La Mancha,2009,87.915891025641,230.09253235117868
19736.37,Castilla - La Mancha,2008,87.55081410256412,225.42760112863388
29978.69,Cataluña,2023,109.01933333333334,274.98507909912
28774.55,Cataluña,2022,105.7216730769231,272.1726696385483
28145.02,Cataluña,2021,99.99996794871795,281.45029020842634
27100.11,Cataluña,2020,98.1816346153846,276.02015495221286
25968.2,Cataluña,2019,98.30401923076923,264.1621390783576
25552.84,Cataluña,2018,97.61655769230768,261.76747678958156
25180.45,Cataluña,2017,96.29589743589743,261.49037155775204
24454.64,Cataluña,2016,94.88607051282052,257.7263434752081
24321.57,Cataluña,2015,94.81678205128203,256.5112364480539
23927.17,Cataluña,2014,95.05655128205129,251.71510724182943
24253.73,Cataluña,2013,95.36280128205128,254.33114038109656
24436.39,Cataluña,2012,93.60912179487178,261.04710237051603
24499.32,Cataluña,2011,91.63215384615384,267.3659733147081
24449.19,Cataluña,2010,89.34158974358975,273.65967037489645
23851.31,Cataluña,2009,87.915891025641,271.2969148324241
23375.54,Cataluña,2008,87.55081410256412,266.993976465096
25632.37,Comunitat Valenciana,2023,109.01933333333334,235.1176549725125
24510.34,Comunitat Valenciana,2022,105.7216730769231,231.83836659647142
23448.29,Comunitat Valenciana,2021,99.99996794871795,234.48297515479973
22856.7,Comunitat Valenciana,2020,98.1816346153846,232.80015747892696
22045.66,Comunitat Valenciana,2019,98.30401923076923,224.26000658475309
22121.05,Comunitat Valenciana,2018,97.61655769230768,226.61165813413197
21362.39,Comunitat Valenciana,2017,96.29589743589743,221.84112271470948
21168.81,Comunitat Valenciana,2016,94.88607051282052,223.09712991160046
20935.41,Comunitat Valenciana,2015,94.81678205128203,220.7985711714726
20639.58,Comunitat Valenciana,2014,95.05655128205129,217.1294847291309
20878.02,Comunitat Valenciana,2013,95.36280128205128,218.9325367891595
21223.72,Comunitat Valenciana,2012,93.60912179487178,226.72704959788126
21316.34,Comunitat Valenciana,2011,91.63215384615384,232.62947672046596
20707.24,Comunitat Valenciana,2010,89.34158974358975,231.77604136471888
20489.79,Comunitat Valenciana,2009,87.915891025641,233.06127892196506
19793.62,Comunitat Valenciana,2008,87.55081410256412,226.08150709840515
23684.22,Extremadura,2023,109.01933333333334,217.24788875367673
21922.73,Extremadura,2022,105.7216730769231,207.36268507639886
21393.01,Extremadura,2021,99.99996794871795,213.9301685673617
20479.3,Extremadura,2020,98.1816346153846,208.5858529471966
19940.68,Extremadura,2019,98.30401923076923,202.84704690648653
19947.8,Extremadura,2018,97.61655769230768,204.34852930254385
19672.4,Extremadura,2017,96.29589743589743,204.2911538686847
19475.2,Extremadura,2016,94.88607051282052,205.24825082063663
19564.49,Extremadura,2015,94.81678205128203,206.33994928680949
19180.57,Extremadura,2014,95.05655128205129,201.7806215490347
19129.72,Extremadura,2013,95.36280128205128,200.5993924551428
19721.35,Extremadura,2012,93.60912179487178,210.6776521546258
19879.46,Extremadura,2011,91.63215384615384,216.94851823931472
19480.55,Extremadura,2010,89.34158974358975,218.04570587907773
19099.56,Extremadura,2009,87.915891025641,217.24809675681433
18264.9,Extremadura,2008,87.55081410256412,208.62056152445388
25279.15,Galicia,2023,109.01933333333334,231.87767918840083
24169.68,Galicia,2022,105.7216730769231,228.61613230821783
23305.86,Galicia,2021,99.99996794871795,233.05867469829317
22834.66,Galicia,2020,98.1816346153846,232.57567557774107
22177.4,Galicia,2019,98.30401923076923,225.60013490331897
22244.59,Galicia,2018,97.61655769230768,227.8772221216412
21605.88,Galicia,2017,96.29589743589743,224.3696831880369
21082.12,Galicia,2016,94.88607051282052,222.1835079275571
20624.55,Galicia,2015,94.81678205128203,217.5200376326327
20195.89,Galicia,2014,95.05655128205129,212.46184221511322
19824.66,Galicia,2013,95.36280128205128,207.8867203299249
19389.2,Galicia,2012,93.60912179487178,207.12938683997146
19970.29,Galicia,2011,91.63215384615384,217.93976417414783
20241.99,Galicia,2010,89.34158974358975,226.5685002706409
19806.66,Galicia,2009,87.915891025641,225.29101131697922
19156.41,Galicia,2008,87.55081410256412,218.8033337709302
32219.6,"Madrid, Comunidad de",2023,109.01933333333334,295.54024056895105
31230.73,"Madrid, Comunidad de",2022,105.7216730769231,295.40518127514423
29512.58,"Madrid, Comunidad de",2021,99.99996794871795,295.1258945916329
28829.06,"Madrid, Comunidad de",2020,98.1816346153846,293.6298638022739
27817.76,"Madrid, Comunidad de",2019,98.30401923076923,282.9768326633487
27010.93,"Madrid, Comunidad de",2018,97.61655769230768,276.7043894862572
27089.12,"Madrid, Comunidad de",2017,96.29589743589743,281.31125750225004
26330.14,"Madrid, Comunidad de",2016,94.88607051282052,277.49215303886365
26448.04,"Madrid, Comunidad de",2015,94.81678205128203,278.93838440641736
26570.35,"Madrid, Comunidad de",2014,95.05655128205129,279.52150211257504
26215.36,"Madrid, Comunidad de",2013,95.36280128205128,274.90132051032907
26044.39,"Madrid, Comunidad de",2012,93.60912179487178,278.22491548496504
25845.2,"Madrid, Comunidad de",2011,91.63215384615384,282.0538306170659
25988.95,"Madrid, Comunidad de",2010,89.34158974358975,290.8941969198025
25860.65,"Madrid, Comunidad de",2009,87.915891025641,294.15216860462283
25269.61,"Madrid, Comunidad de",2008,87.55081410256412,288.6279272103299
25329.87,"Murcia, Región de",2023,109.01933333333334,232.3429177699368
23851.69,"Murcia, Región de",2022,105.7216730769231,225.60832898137647
23281.39,"Murcia, Región de",2021,99.99996794871795,232.81397461986364
22919.62,"Murcia, Región de",2020,98.1816346153846,233.4410105289549
22123.99,"Murcia, Región de",2019,98.30401923076923,225.05682039371973
21510.59,"Murcia, Región de",2018,97.61655769230768,220.358005942009
21309.22,"Murcia, Región de",2017,96.29589743589743,221.28897042768818
21242.5,"Murcia, Región de",2016,94.88607051282052,223.8737454843788
20928.98,"Murcia, Región de",2015,94.81678205128203,220.73075617226155
20717.07,"Murcia, Región de",2014,95.05655128205129,217.94468367075953
20449.83,"Murcia, Región de",2013,95.36280128205128,214.44242120694676
20682.01,"Murcia, Región de",2012,93.60912179487178,220.94011356415723
21077.49,"Murcia, Región de",2011,91.63215384615384,230.0228589561273
20863.37,"Murcia, Región de",2010,89.34158974358975,233.52360373122804
20430.4,"Murcia, Región de",2009,87.915891025641,232.38574689576197
18911.75,"Murcia, Región de",2008,87.55081410256412,216.00884233749377
31199.66,"Navarra, Comunidad Foral de",2023,109.01933333333334,286.1846522635129
29189.52,"Navarra, Comunidad Foral de",2022,105.7216730769231,276.0977872414269
28459.37,"Navarra, Comunidad Foral de",2021,99.99996794871795,284.59379121595873
27995.96,"Navarra, Comunidad Foral de",2020,98.1816346153846,285.14457015989797
27493.93,"Navarra, Comunidad Foral de",2019,98.30401923076923,279.68266419969916
26364.75,"Navarra, Comunidad Foral de",2018,97.61655769230768,270.0848157656104
26329.79,"Navarra, Comunidad Foral de",2017,96.29589743589743,273.4258748409017
25468.38,"Navarra, Comunidad Foral de",2016,94.88607051282052,268.4101034256534
24863.98,"Navarra, Comunidad Foral de",2015,94.81678205128203,262.2318482244232
24700.78,"Navarra, Comunidad Foral de",2014,95.05655128205129,259.8535257891692
23836.93,"Navarra, Comunidad Foral de",2013,95.36280128205128,249.96046340436595
23784.38,"Navarra, Comunidad Foral de",2012,93.60912179487178,254.08186236507336
24384.92,"Navarra, Comunidad Foral de",2011,91.63215384615384,266.11750326136774
23824.88,"Navarra, Comunidad Foral de",2010,89.34158974358975,266.6717714378866
23657.71,"Navarra, Comunidad Foral de",2009,87.915891025641,269.09481009639245
23342.74,"Navarra, Comunidad Foral de",2008,87.55081410256412,266.61933688765504
33504.92,País Vasco,2023,109.01933333333334,307.33007601098274
32313.73,País Vasco,2022,105.7216730769231,305.64906002280657
31063.68,País Vasco,2021,99.99996794871795,310.63689956310884
30224.16,País Vasco,2020,98.1816346153846,307.8392422208055
29476.21,País Vasco,2019,98.30401923076923,299.8474551768268
28470.94,País Vasco,2018,97.61655769230768,291.66097097729914
28204.49,País Vasco,2017,96.29589743589743,292.8939939396199
27480.71,País Vasco,2016,94.88607051282052,289.6179581626467
27571.31,País Vasco,2015,94.81678205128203,290.78512688911917
27786.57,País Vasco,2014,95.05655128205129,292.31620151620945
26915.07,País Vasco,2013,95.36280128205128,282.2386678888996
26535.61,País Vasco,2012,93.60912179487178,283.47248100615883
26370.36,País Vasco,2011,91.63215384615384,287.7850066066833
26593.7,País Vasco,2010,89.34158974358975,297.6631608674514
26162.45,País Vasco,2009,87.915891025641,297.5849950991184
25547.13,País Vasco,2008,87.55081410256412,291.79774353750753
26319.06,"Rioja, La",2023,109.01933333333334,241.41644601263386
24903.38,"Rioja, La",2022,105.7216730769231,235.55605274880867
23716.88,"Rioja, La",2021,99.99996794871795,237.1688760156654
23292.63,"Rioja, La",2020,98.1816346153846,237.24019355805424
22877.13,"Rioja, La",2019,98.30401923076923,232.71815515798812
22641.17,"Rioja, La",2018,97.61655769230768,231.93985257466372
22234.21,"Rioja, La",2017,96.29589743589743,230.89467559924805
21999.02,"Rioja, La",2016,94.88607051282052,231.84667550362522
21756.79,"Rioja, La",2015,94.81678205128203,229.4613836212323
21954.1,"Rioja, La",2014,95.05655128205129,230.95830538663148
20628.81,"Rioja, La",2013,95.36280128205128,216.31925365727125
20346.24,"Rioja, La",2012,93.60912179487178,217.3531768045562
20996.76,"Rioja, La",2011,91.63215384615384,229.14183633894046
21035.86,"Rioja, La",2010,89.34158974358975,235.45428350192662
21179.93,"Rioja, La",2009,87.915891025641,240.9112818275685
20674.16,"Rioja, La",2008,87.55081410256412,236.13898068132883
25591.31,Total Nacional,2023,109.01933333333334,234.7410245277596
24359.82,Total Nacional,2022,105.7216730769231,230.41462825012042
23175.95,Total Nacional,2021,99.99996794871795,231.75957428191484
22467.48,Total Nacional,2020,98.1816346153846,228.8358722892912
21682.02,Total Nacional,2019,98.30401923076923,220.56086993860688
21011.89,Total Nacional,2018,97.61655769230768,215.24924148862672
20607.85,Total Nacional,2017,96.29589743589743,214.00548256708754
20131.41,Total Nacional,2016,94.88607051282052,212.16401829265283
20051.58,Total Nacional,2015,94.81678205128203,211.477120043528
19744.82,Total Nacional,2014,95.05655128205129,207.71656170665477
19514.58,Total Nacional,2013,95.36280128205128,204.6351379956048
19537.33,Total Nacional,2012,93.60912179487178,208.71181809410288
19767.59,Total Nacional,2011,91.63215384615384,215.7276585813848
19735.22,Total Nacional,2010,89.34158974358975,220.89622600896243
19502.02,Total Nacional,2009,87.915891025641,221.82588121995104
18910.62,Total Nacional,2008,87.55081410256412,215.9959355471734
22714.95,Andalucía,2023,109.01933333333334,208.35708039552617
21729.48,Andalucía,2022,105.7216730769231,205.5347722712412
20427.8,Andalucía,2021,99.99996794871795,204.2780654737389
19517.52,Andalucía,2020,98.1816346153846,198.78992722475715
19391.52,Andalucía,2019,98.30401923076923,197.26070359827608
18672.11,Andalucía,2018,97.61655769230768,191.28015207067057
18287.29,Andalucía,2017,96.29589743589743,189.90725967504008
18177.37,Andalucía,2016,94.88607051282052,191.57047922586239
18340.96,Andalucía,2015,94.81678205128203,193.43579905591204
17576.13,Andalucía,2014,95.05655128205129,184.90182699610259
17690.19,Andalucía,2013,95.36280128205128,185.50409344287542
17828.44,Andalucía,2012,93.60912179487178,190.45622539935738
18389.21,Andalucía,2011,91.63215384615384,200.68512228660077
17921.33,Andalucía,2010,89.34158974358975,200.59336364434745
18371.23,Andalucía,2009,87.915891025641,208.96370139320956
17298.33,Andalucía,2008,87.55081410256412,197.58045858643115
23925.28,Aragón,2023,109.01933333333334,219.4590561918681
23138.72,Aragón,2022,105.7216730769231,218.86448943315781
22283.81,Aragón,2021,99.99996794871795,222.83817142249086
21365.11,Aragón,2020,98.1816346153846,217.60800870443228
20360.25,Aragón,2019,98.30401923076923,207.11513282284218
20074.25,Aragón,2018,97.61655769230768,205.64390380651457
19677.22,Aragón,2017,96.29589743589743,204.34120792216302
18766.21,Aragón,2016,94.88607051282052,197.77623731888448
18950.17,Aragón,2015,94.81678205128203,199.86092746483132
18764.63,Aragón,2014,95.05655128205129,197.40491051817872
18701.61,Aragón,2013,95.36280128205128,196.11011577446106
18042.28,Aragón,2012,93.60912179487178,192.74061815830873
18831.38,Aragón,2011,91.63215384615384,205.51061182755802
18843.25,Aragón,2010,89.34158974358975,210.91240993226228
18861.82,Aragón,2009,87.915891025641,214.5439212405739
17843.46,Aragón,2008,87.55081410256412,203.80689983187048
24808.62,"Asturias, Principado de",2023,109.01933333333334,227.5616557307878
23792.42,"Asturias, Principado de",2022,105.7216730769231,225.04770599580496
21808.96,"Asturias, Principado de",2021,99.99996794871795,218.0896699005352
21308.01,"Asturias, Principado de",2020,98.1816346153846,217.02643354301145
21298.58,"Asturias, Principado de",2019,98.30401923076923,216.66031731623778
19744.94,"Asturias, Principado de",2018,97.61655769230768,202.2703982477752
19426.48,"Asturias, Principado de",2017,96.29589743589743,201.73735867545014
19077.92,"Asturias, Principado de",2016,94.88607051282052,201.06133489237797
18925.34,"Asturias, Principado de",2015,94.81678205128203,199.59905399198377
18400.68,"Asturias, Principado de",2014,95.05655128205129,193.5761370660461
18455.34,"Asturias, Principado de",2013,95.36280128205128,193.5276622738386
18026.01,"Asturias, Principado de",2012,93.60912179487178,192.56681031044053
18721.59,"Asturias, Principado de",2011,91.63215384615384,204.31245162514335
18786.13,"Asturias, Principado de",2010,89.34158974358975,210.27306603695067
19289.76,"Asturias, Principado de",2009,87.915891025641,219.41152816587012
18452.09,"Asturias, Principado de",2008,87.55081410256412,210.75863416168497
26260.9,"Balears, Illes",2023,109.01933333333334,240.88296265494193
26054.2,"Balears, Illes",2022,105.7216730769231,246.44142720899777
22344.76,"Balears, Illes",2021,99.99996794871795,223.44767161784344
21998.23,"Balears, Illes",2020,98.1816346153846,224.05646520528578
21631.07,"Balears, Illes",2019,98.30401923076923,220.0425798381747
21085.74,"Balears, Illes",2018,97.61655769230768,216.0057729802696
20465.58,"Balears, Illes",2017,96.29589743589743,212.52805721680508
19702.6,"Balears, Illes",2016,94.88607051282052,207.64480912230297
19517.28,"Balears, Illes",2015,94.81678205128203,205.84204164874527
19008.38,"Balears, Illes",2014,95.05655128205129,199.9691735459499
18998.37,"Balears, Illes",2013,95.36280128205128,199.22202100386264
19022.24,"Balears, Illes",2012,93.60912179487178,203.209256056092
19377.39,"Balears, Illes",2011,91.63215384615384,211.4693280323165
19812.19,"Balears, Illes",2010,89.34158974358975,221.75775086229112
18702.72,"Balears, Illes",2009,87.915891025641,212.73423702826696
18159.78,"Balears, Illes",2008,87.55081410256412,207.4198873665088
23439.06,Canarias,2023,109.01933333333334,214.99911330711984
22574.98,Canarias,2022,105.7216730769231,213.5321863812583
21178.57,Canarias,2021,99.99996794871795,211.7857678800538
20461.63,Canarias,2020,98.1816346153846,208.40588038848725
19540.82,Canarias,2019,98.30401923076923,198.77946143918913
19051.01,Canarias,2018,97.61655769230768,195.16166570890303
18917.73,Canarias,2017,96.29589743589743,196.45416371547103
18211.44,Canarias,2016,94.88607051282052,191.92954141292384
18279.76,Canarias,2015,94.81678205128203,192.79034369794704
18201.48,Canarias,2014,95.05655128205129,191.48054241935063
17619.86,Canarias,2013,95.36280128205128,184.76659413439782
17498.71,Canarias,2012,93.60912179487178,186.9338122661315
17824.94,Canarias,2011,91.63215384615384,194.52713105409757
17601.79,Canarias,2010,89.34158974358975,197.01675390506387
17528.33,Canarias,2009,87.915891025641,199.37612865560104
17131.85,Canarias,2008,87.55081410256412,195.67893429215133
23727.01,Cantabria,2023,109.01933333333334,217.64038794342287
22564.11,Cantabria,2022,105.7216730769231,213.42936924184272
21532.96,Cantabria,2021,99.99996794871795,215.32966901591954
20996.83,Cantabria,2020,98.1816346153846,213.85700169133156
20600.16,Cantabria,2019,98.30401923076923,209.5556230680763
19630.01,Cantabria,2018,97.61655769230768,201.09303651000255
19012.2,Cantabria,2017,96.29589743589743,197.43520239432945
18216.84,Cantabria,2016,94.88607051282052,191.9864517683724
17955.79,Cantabria,2015,94.81678205128203,189.37354349664113
17668.55,Cantabria,2014,95.05655128205129,185.87409033569892
16542.34,Cantabria,2013,95.36280128205128,173.46742941278842
16771.99,Cantabria,2012,93.60912179487178,179.17046627948204
17606.84,Cantabria,2011,91.63215384615384,192.14696218492335
17887.59,Cantabria,2010,89.34158974358975,200.21571198069523
18210.65,Cantabria,2009,87.915891025641,207.13718290916026
17460.14,Cantabria,2008,87.55081410256412,199.42864242867893
23104.3,Castilla y León,2023,109.01933333333334,211.92846528750252
21773.27,Castilla y León,2022,105.7216730769231,205.94897305643062
20795.39,Castilla y León,2021,99.99996794871795,207.95396665191237
20314.96,Castilla y León,2020,98.1816346153846,206.91201648436135
19414.11,Castilla y León,2019,98.30401923076923,197.4905009166031
19056.53,Castilla y León,2018,97.61655769230768,195.21821349270627
18796.93,Castilla y León,2017,96.29589743589743,195.19969698099342
18662.42,Castilla y León,2016,94.88607051282052,196.68239920925407
18523.74,Castilla y León,2015,94.81678205128203,195.36351687174283
17682.88,Castilla y León,2014,95.05655128205129,186.0248427015983
17429.41,Castilla y León,2013,95.36280128205128,182.76948417706012
17552.07,Castilla y León,2012,93.60912179487178,187.50384218390948
18193.91,Castilla y León,2011,91.63215384615384,198.55377437211325
17683.88,Castilla y León,2010,89.34158974358975,197.935586894667
18249.87,Castilla y León,2009,87.915891025641,207.58329111033356
17573.56,Castilla y León,2008,87.55081410256412,200.7241186748179
22608.19,Castilla - La Mancha,2023,109.01933333333334,207.3778045484287
21312.65,Castilla - La Mancha,2022,105.7216730769231,201.5920613032005
21154.58,Castilla - La Mancha,2021,99.99996794871795,211.54586780316276
20761.55,Castilla - La Mancha,2020,98.1816346153846,211.46062684055948
19939.58,Castilla - La Mancha,2019,98.30401923076923,202.83585713002972
19088.87,Castilla - La Mancha,2018,97.61655769230768,195.5495097478143
18327.35,Castilla - La Mancha,2017,96.29589743589743,190.3232690904637
18213.71,Castilla - La Mancha,2016,94.88607051282052,191.95346484012165
18097.55,Castilla - La Mancha,2015,94.81678205128203,190.86863747613654
18157.02,Castilla - La Mancha,2014,95.05655128205129,191.01282084308517
17481.02,Castilla - La Mancha,2013,95.36280128205128,183.31068052727383
17527.3,Castilla - La Mancha,2012,93.60912179487178,187.2392312194537
18001.99,Castilla - La Mancha,2011,91.63215384615384,196.45931307283809
17913.0,Castilla - La Mancha,2010,89.34158974358975,200.50012599294783
17709.92,Castilla - La Mancha,2009,87.915891025641,201.44162555134469
17562.94,Castilla - La Mancha,2008,87.55081410256412,200.602817689683
27240.93,Cataluña,2023,109.01933333333334,249.87246910333945
25659.03,Cataluña,2022,105.7216730769231,242.70359381591027
25015.94,Cataluña,2021,99.99996794871795,250.15948017932055
24096.69,Cataluña,2020,98.1816346153846,245.42970886964804
22988.22,Cataluña,2019,98.30401923076923,233.8482208548872
22289.9,Cataluña,2018,97.61655769230768,228.3413851803594
21801.47,Cataluña,2017,96.29589743589743,226.40081852410043
21110.34,Cataluña,2016,94.88607051282052,222.48091722954928
20946.56,Cataluña,2015,94.81678205128203,220.91616638783387
20324.88,Cataluña,2014,95.05655128205129,213.81882390927615
20740.55,Cataluña,2013,95.36280128205128,217.49098937075462
20931.07,Cataluña,2012,93.60912179487178,223.6007517073691
20799.94,Cataluña,2011,91.63215384615384,226.99390036080717
21042.14,Cataluña,2010,89.34158974358975,235.52457551282572
20467.14,Cataluña,2009,87.915891025641,232.80364631725885
19928.48,Cataluña,2008,87.55081410256412,227.62186970248115
23205.68,Comunitat Valenciana,2023,109.01933333333334,212.8583920894765
22135.35,Comunitat Valenciana,2022,105.7216730769231,209.37381480800363
20670.5,Comunitat Valenciana,2021,99.99996794871795,206.7050662516238
20165.73,Comunitat Valenciana,2020,98.1816346153846,205.39207845741169
19314.58,Comunitat Valenciana,2019,98.30401923076923,196.47802959774125
19235.72,Comunitat Valenciana,2018,97.61655769230768,197.0538651919274
18523.81,Comunitat Valenciana,2017,96.29589743589743,192.3634390793335
18349.52,Comunitat Valenciana,2016,94.88607051282052,193.38476027965248
17811.38,Comunitat Valenciana,2015,94.81678205128203,187.8505008782796
17511.66,Comunitat Valenciana,2014,95.05655128205129,184.2235991503573
17918.36,Comunitat Valenciana,2013,95.36280128205128,187.89674547209958
17870.88,Comunitat Valenciana,2012,93.60912179487178,190.90960001911935
18052.49,Comunitat Valenciana,2011,91.63215384615384,197.01042966106962
17776.59,Comunitat Valenciana,2010,89.34158974358975,198.97328949505814
17426.72,Comunitat Valenciana,2009,87.915891025641,198.22036490442247
16929.69,Comunitat Valenciana,2008,87.55081410256412,193.36987523802105
22181.88,Extremadura,2023,109.01933333333334,203.46739722006495
20637.14,Extremadura,2022,105.7216730769231,195.20254834582892
19833.03,Extremadura,2021,99.99996794871795,198.3303635674242
18791.05,Extremadura,2020,98.1816346153846,191.39068190921657
18012.58,Extremadura,2019,98.30401923076923,183.23340328247792
17972.63,Extremadura,2018,97.61655769230768,184.1145644230832
17722.29,Extremadura,2017,96.29589743589743,184.03992768017383
17360.28,Extremadura,2016,94.88607051282052,182.95920471966815
17304.65,Extremadura,2015,94.81678205128203,182.50619379426644
17413.85,Extremadura,2014,95.05655128205129,183.19463272268018
16304.55,Extremadura,2013,95.36280128205128,170.97389947445643
17401.9,Extremadura,2012,93.60912179487178,185.89961818179705
18060.8,Extremadura,2011,91.63215384615384,197.10111835113304
17876.85,Extremadura,2010,89.34158974358975,200.0954992104633
17549.86,Extremadura,2009,87.915891025641,199.62102181142106
16623.4,Extremadura,2008,87.55081410256412,189.87144974489905
23153.78,Galicia,2023,109.01933333333334,212.3823297396792
21912.75,Galicia,2022,105.7216730769231,207.2682862676254
20904.37,Galicia,2021,99.99996794871795,209.04376700120736
20446.53,Galicia,2020,98.1816346153846,208.2520838046439
19818.26,Galicia,2019,98.30401923076923,201.6017265120821
19543.17,Galicia,2018,97.61655769230768,200.20343333147494
18833.53,Galicia,2017,96.29589743589743,195.57977547835998
18294.47,Galicia,2016,94.88607051282052,192.80459082271875
18093.26,Galicia,2015,94.81678205128203,190.8233923211419
17797.03,Galicia,2014,95.05655128205129,187.22570680260372
17258.21,Galicia,2013,95.36280128205128,180.97423490062948
16727.15,Galicia,2012,93.60912179487178,178.6914531326836
17291.96,Galicia,2011,91.63215384615384,188.7106138423026
17691.11,Galicia,2010,89.34158974358975,198.01651225116393
17342.32,Galicia,2009,87.915891025641,197.26035643478886
16646.42,Galicia,2008,87.55081410256412,190.1343827654079
29250.2,"Madrid, Comunidad de",2023,109.01933333333334,268.30286982737005
28123.47,"Madrid, Comunidad de",2022,105.7216730769231,266.0142351279038
26578.07,"Madrid, Comunidad de",2021,99.99996794871795,265.7807851861491
25900.29,"Madrid, Comunidad de",2020,98.1816346153846,263.79974321533194
24873.79,"Madrid, Comunidad de",2019,98.30401923076923,253.0292270309787
23925.99,"Madrid, Comunidad de",2018,97.61655769230768,245.1017590214145
24029.31,"Madrid, Comunidad de",2017,96.29589743589743,249.53617588948597
23371.33,"Madrid, Comunidad de",2016,94.88607051282052,246.3093884454008
23470.06,"Madrid, Comunidad de",2015,94.81678205128203,247.53065324771438
23326.94,"Madrid, Comunidad de",2014,95.05655128205129,245.4006555611767
22959.28,"Madrid, Comunidad de",2013,95.36280128205128,240.75718929537447
22841.15,"Madrid, Comunidad de",2012,93.60912179487178,244.00560075814445
22585.38,"Madrid, Comunidad de",2011,91.63215384615384,246.47876375273043
22721.17,"Madrid, Comunidad de",2010,89.34158974358975,254.31795052236845
22048.25,"Madrid, Comunidad de",2009,87.915891025641,250.78799455686053
21787.75,"Madrid, Comunidad de",2008,87.55081410256412,248.8583369936008
22474.77,"Murcia, Región de",2023,109.01933333333334,206.15398492010593
20956.37,"Murcia, Región de",2022,105.7216730769231,198.22208058277835
20189.83,"Murcia, Región de",2021,99.99996794871795,201.89836471101435
20007.14,"Murcia, Región de",2020,98.1816346153846,203.77680691888762
19431.25,"Murcia, Región de",2019,98.30401923076923,197.6648579788486
18598.64,"Murcia, Región de",2018,97.61655769230768,190.52751336124606
18048.37,"Murcia, Región de",2017,96.29589743589743,187.4261570905915
18033.05,"Murcia, Región de",2016,94.88607051282052,190.04949728172656
17540.27,"Murcia, Región de",2015,94.81678205128203,184.99119692243167
17500.99,"Murcia, Región de",2014,95.05655128205129,184.111350180075
16957.29,"Murcia, Región de",2013,95.36280128205128,177.81870679161372
17457.52,"Murcia, Región de",2012,93.60912179487178,186.4937910458677
18053.61,"Murcia, Región de",2011,91.63215384615384,197.0226524448086
17838.28,"Murcia, Región de",2010,89.34158974358975,199.66378537919283
17384.95,"Murcia, Región de",2009,87.915891025641,197.74525170801732
16020.2,"Murcia, Región de",2008,87.55081410256412,182.9817365402524
27461.86,"Navarra, Comunidad Foral de",2023,109.01933333333334,251.89899039314128
26033.3,"Navarra, Comunidad Foral de",2022,105.7216730769231,246.24373832088494
24809.14,"Navarra, Comunidad Foral de",2021,99.99996794871795,248.09147951649985
24047.13,"Navarra, Comunidad Foral de",2020,98.1816346153846,244.92493014810665
23728.82,"Navarra, Comunidad Foral de",2019,98.30401923076923,241.38199216754774
22697.59,"Navarra, Comunidad Foral de",2018,97.61655769230768,232.51782829244962
21898.57,"Navarra, Comunidad Foral de",2017,96.29589743589743,227.40916885454556
20946.0,"Navarra, Comunidad Foral de",2016,94.88607051282052,220.74894541206532
20563.08,"Navarra, Comunidad Foral de",2015,94.81678205128203,216.87173467750023
20163.1,"Navarra, Comunidad Foral de",2014,95.05655128205129,212.11688966257734
19364.43,"Navarra, Comunidad Foral de",2013,95.36280128205128,203.06062468452967
19462.13,"Navarra, Comunidad Foral de",2012,93.60912179487178,207.90847758029284
19977.24,"Navarra, Comunidad Foral de",2011,91.63215384615384,218.01561091252822
19927.15,"Navarra, Comunidad Foral de",2010,89.34158974358975,223.044497609578
19487.55,"Navarra, Comunidad Foral de",2009,87.915891025641,221.66129209014537
19212.76,"Navarra, Comunidad Foral de",2008,87.55081410256412,219.4469599961985
31038.84,País Vasco,2023,109.01933333333334,284.70950106708904
29314.69,País Vasco,2022,105.7216730769231,277.2817450464545
28084.16,País Vasco,2021,99.99996794871795,280.84169001336215
27125.9,País Vasco,2020,98.1816346153846,276.28283136925387
26197.62,País Vasco,2019,98.30401923076923,266.49591954628977
24757.18,País Vasco,2018,97.61655769230768,253.61660547420533
24165.97,País Vasco,2017,96.29589743589743,250.95534330615573
23428.18,País Vasco,2016,94.88607051282052,246.90852802081739
23537.06,País Vasco,2015,94.81678205128203,248.23727921149958
23781.55,País Vasco,2014,95.05655128205129,250.1831770588385
22687.39,País Vasco,2013,95.36280128205128,237.90607757943567
22313.41,País Vasco,2012,93.60912179487178,238.367902317212
22449.59,País Vasco,2011,91.63215384615384,244.99686035637475
22706.1,País Vasco,2010,89.34158974358975,254.14927208220132
22502.47,País Vasco,2009,87.915891025641,255.95452355066357
21766.07,País Vasco,2008,87.55081410256412,248.61070937046298
24307.34,"Rioja, La",2023,109.01933333333334,222.96357221043363
22264.39,"Rioja, La",2022,105.7216730769231,210.59437816312675
21135.77,"Rioja, La",2021,99.99996794871795,211.35776774287427
20959.44,"Rioja, La",2020,98.1816346153846,213.47617690524532
20377.23,"Rioja, La",2019,98.30401923076923,207.28786228123937
19770.93,"Rioja, La",2018,97.61655769230768,202.53664406318208
19353.55,"Rioja, La",2017,96.29589743589743,200.98000553848448
19047.2,"Rioja, La",2016,94.88607051282052,200.73757820360407
18762.15,"Rioja, La",2015,94.81678205128203,197.87794517063887
18959.85,"Rioja, La",2014,95.05655128205129,199.45863535215403
17435.56,"Rioja, La",2013,95.36280128205128,182.833974732259
17486.66,"Rioja, La",2012,93.60912179487178,186.80508549496912
18328.41,"Rioja, La",2011,91.63215384615384,200.02159974076955
18131.05,"Rioja, La",2010,89.34158974358975,202.9407586325259
18702.22,"Rioja, La",2009,87.915891025641,212.72854977429995
18364.2,"Rioja, La",2008,87.55081410256412,209.7547600012798
30372.49,Total Nacional,2023,109.01933333333334,278.5972824392004
29381.84,Total Nacional,2022,105.7216730769231,277.9169033640034
28388.69,Total Nacional,2021,99.99996794871795,283.88699098942016
27642.52,Total Nacional,2020,98.1816346153846,281.5447115775413
26934.38,Total Nacional,2019,98.30401923076923,273.990628366592
26738.19,Total Nacional,2018,97.61655769230768,273.9103962698636
26391.84,Total Nacional,2017,96.29589743589743,274.0702428944972
25924.43,Total Nacional,2016,94.88607051282052,273.216393722377
25992.76,Total Nacional,2015,94.81678205128203,274.13670278265414
25727.24,Total Nacional,2014,95.05655128205129,270.6519398506503
25675.17,Total Nacional,2013,95.36280128205128,269.236742784657
25682.05,Total Nacional,2012,93.60912179487178,274.3541388656308
25667.89,Total Nacional,2011,91.63215384615384,280.118811166386
25479.74,Total Nacional,2010,89.34158974358975,285.19461174943075
25001.05,Total Nacional,2009,87.915891025641,284.3746415845157
24203.33,Total Nacional,2008,87.55081410256412,276.44894280076323
27085.5,Andalucía,2023,109.01933333333334,248.44675867888876
26189.5,Andalucía,2022,105.7216730769231,247.72120264256998
25464.78,Andalucía,2021,99.99996794871795,254.64788161791074
24785.82,Andalucía,2020,98.1816346153846,252.4486386593138
24527.67,Andalucía,2019,98.30401923076923,249.50831300621755
24712.69,Andalucía,2018,97.61655769230768,253.16084262974778
24175.52,Andalucía,2017,96.29589743589743,251.05451679385655
24026.82,Andalucía,2016,94.88607051282052,253.21756787002386
24200.2,Andalucía,2015,94.81678205128203,255.2311887879851
23541.32,Andalucía,2014,95.05655128205129,247.6559446192017
23565.36,Andalucía,2013,95.36280128205128,247.1127072945513
23592.08,Andalucía,2012,93.60912179487178,252.02757538627452
23815.22,Andalucía,2011,91.63215384615384,259.90025335413003
23463.96,Andalucía,2010,89.34158974358975,262.6319955503538
22908.86,Andalucía,2009,87.915891025641,260.5770098299811
22108.57,Andalucía,2008,87.55081410256412,252.5227232507539
29589.45,Aragón,2023,109.01933333333334,271.4147032024901
28789.96,Aragón,2022,105.7216730769231,272.31842972303724
27389.18,Aragón,2021,99.99996794871795,273.89188778586146
26505.7,Aragón,2020,98.1816346153846,269.9659677070266
26404.73,Aragón,2019,98.30401923076923,268.6027510026294
26640.59,Aragón,2018,97.61655769230768,272.9105658895746
25878.46,Aragón,2017,96.29589743589743,268.73896696613537
25326.91,Aragón,2016,94.88607051282052,266.91915750244874
25555.56,Aragón,2015,94.81678205128203,269.52570470255125
25118.61,Aragón,2014,95.05655128205129,264.24911972104053
25128.91,Aragón,2013,95.36280128205128,263.5085134053171
25766.27,Aragón,2012,93.60912179487178,275.2538375102197
25258.68,Aragón,2011,91.63215384615384,275.65302068974785
25263.29,Aragón,2010,89.34158974358975,282.7718879024384
24787.81,Aragón,2009,87.915891025641,281.9491415126594
24272.36,Aragón,2008,87.55081410256412,277.2373992041398
31033.72,"Asturias, Principado de",2023,109.01933333333334,284.662536920057
29573.74,"Asturias, Principado de",2022,105.7216730769231,279.7320467912208
28399.51,"Asturias, Principado de",2021,99.99996794871795,283.99519102409965
27948.09,"Asturias, Principado de",2020,98.1816346153846,284.6570044335019
28481.75,"Asturias, Principado de",2019,98.30401923076923,289.7312869084115
27912.91,"Asturias, Principado de",2018,97.61655769230768,285.94442028966955
27849.0,"Asturias, Principado de",2017,96.29589743589743,289.2023517257172
27010.87,"Asturias, Principado de",2016,94.88607051282052,284.66633568043505
26514.68,"Asturias, Principado de",2015,94.81678205128203,279.64121357397926
25322.01,"Asturias, Principado de",2014,95.05655128205129,266.3888985922145
25500.04,"Asturias, Principado de",2013,95.36280128205128,267.40028247051396
25048.82,"Asturias, Principado de",2012,93.60912179487178,267.5895203342486
25346.39,"Asturias, Principado de",2011,91.63215384615384,276.610217441308
25170.79,"Asturias, Principado de",2010,89.34158974358975,281.73653583107415
25175.71,"Asturias, Principado de",2009,87.915891025641,286.3613131402764
24306.27,"Asturias, Principado de",2008,87.55081410256412,277.6247171331344
28754.2,"Balears, Illes",2023,109.01933333333334,263.75321808364265
28155.99,"Balears, Illes",2022,105.7216730769231,266.3218352542879
25898.51,"Balears, Illes",2021,99.99996794871795,258.98518300807143
25699.53,"Balears, Illes",2020,98.1816346153846,261.7549616145116
24914.51,"Balears, Illes",2019,98.30401923076923,253.44345221036232
24437.58,"Balears, Illes",2018,97.61655769230768,250.34257074530828
23538.43,"Balears, Illes",2017,96.29589743589743,244.43855477507896
23286.85,"Balears, Illes",2016,94.88607051282052,245.4190575512725
23411.35,"Balears, Illes",2015,94.81678205128203,246.91145906362735
23770.56,"Balears, Illes",2014,95.05655128205129,250.06756167145306
22584.78,"Balears, Illes",2013,95.36280128205128,236.83008150318247
22859.04,"Balears, Illes",2012,93.60912179487178,244.19671461176227
23188.8,"Balears, Illes",2011,91.63215384615384,253.06400675611013
23213.04,"Balears, Illes",2010,89.34158974358975,259.82344915309204
23285.93,"Balears, Illes",2009,87.915891025641,264.8659955366723
22253.73,"Balears, Illes",2008,87.55081410256412,254.18073181969703
24604.44,Canarias,2023,109.01933333333334,225.68877691418646
23588.7,Canarias,2022,105.7216730769231,223.12075957062146
23619.76,Canarias,2021,99.99996794871795,236.19767570438322
22697.51,Canarias,2020,98.1816346153846,231.17877481786604
22082.69,Canarias,2019,98.30401923076923,224.6366951503861
22333.63,Canarias,2018,97.61655769230768,228.78936246038023
21291.66,Canarias,2017,96.29589743589743,221.1066158262194
21149.44,Canarias,2016,94.88607051282052,222.89299035881555
21336.72,Canarias,2015,94.81678205128203,225.03104976142254
20641.49,Canarias,2014,95.05655128205129,217.14957803121516
20678.43,Canarias,2013,95.36280128205128,216.83958233190023
21089.85,Canarias,2012,93.60912179487178,225.29695392522495
21090.86,Canarias,2011,91.63215384615384,230.16876843701155
20986.94,Canarias,2010,89.34158974358975,234.906722168617
20109.24,Canarias,2009,87.915891025641,228.7327099276633
19516.93,Canarias,2008,87.55081410256412,222.92117098004692
29145.64,Cantabria,2023,109.01933333333334,267.3437738872004
27820.83,Cantabria,2022,105.7216730769231,263.15162435764296
27233.75,Cantabria,2021,99.99996794871795,272.3375872876882
25804.13,Cantabria,2020,98.1816346153846,262.82033397676406
25795.43,Cantabria,2019,98.30401923076923,262.404632097952
25349.01,Cantabria,2018,97.61655769230768,259.6794088959924
25249.94,Cantabria,2017,96.29589743589743,262.2120014698286
25210.05,Cantabria,2016,94.88607051282052,265.68757525472347
25259.83,Cantabria,2015,94.81678205128203,266.4067420716527
24685.21,Cantabria,2014,95.05655128205129,259.68972855699525
23224.6,Cantabria,2013,95.36280128205128,243.5394062230764
23309.9,Cantabria,2012,93.60912179487178,249.0131255699591
23793.64,Cantabria,2011,91.63215384615384,259.66474650315894
23924.51,Cantabria,2010,89.34158974358975,267.78692956621114
22933.0,Cantabria,2009,87.915891025641,260.85159045150897
22539.72,Cantabria,2008,87.55081410256412,257.4472919645858
27360.49,Castilla y León,2023,109.01933333333334,250.969155318017
26548.08,Castilla y León,2022,105.7216730769231,251.112938599483
26263.49,Castilla y León,2021,99.99996794871795,262.6349841778796
25549.98,Castilla y León,2020,98.1816346153846,260.23176432220896
24665.79,Castilla y León,2019,98.30401923076923,250.91334202823307
24714.04,Castilla y León,2018,97.61655769230768,253.1746722507866
24782.8,Castilla y León,2017,96.29589743589743,257.36091214578994
24445.65,Castilla y León,2016,94.88607051282052,257.631598272341
24135.64,Castilla y León,2015,94.81678205128203,254.55029666526906
22904.8,Castilla y León,2014,95.05655128205129,240.95972019894768
23379.0,Castilla y León,2013,95.36280128205128,245.15848617798815
23473.82,Castilla y León,2012,93.60912179487178,250.7642369665514
23482.58,Castilla y León,2011,91.63215384615384,256.27008658364804
23640.67,Castilla y León,2010,89.34158974358975,264.6099097614973
23116.47,Castilla y León,2009,87.915891025641,262.9384714221687
22117.28,Castilla y León,2008,87.55081410256412,252.6222083336658
26766.25,Castilla - La Mancha,2023,109.01933333333334,245.51837900311259
25813.23,Castilla - La Mancha,2022,105.7216730769231,244.16214054064667
24897.33,Castilla - La Mancha,2021,99.99996794871795,248.9733797991602
24029.31,Castilla - La Mancha,2020,98.1816346153846,244.74342980876307
23494.17,Castilla - La Mancha,2019,98.30401923076923,238.99500939882535
23960.1,Castilla - La Mancha,2018,97.61655769230768,245.45118744632896
23160.99,Castilla - La Mancha,2017,96.29589743589743,240.51896930934038
22871.41,Castilla - La Mancha,2016,94.88607051282052,241.04075420543137
22765.56,Castilla - La Mancha,2015,94.81678205128203,240.1005339717937
22719.35,Castilla - La Mancha,2014,95.05655128205129,239.0087762871521
23316.59,Castilla - La Mancha,2013,95.36280128205128,244.50403812108374
22810.39,Castilla - La Mancha,2012,93.60912179487178,243.6770003032934
22771.53,Castilla - La Mancha,2011,91.63215384615384,248.51025588935022
22292.84,Castilla - La Mancha,2010,89.34158974358975,249.52365481720688
21980.61,Castilla - La Mancha,2009,87.915891025641,250.01862284020157
21141.95,Castilla - La Mancha,2008,87.55081410256412,241.48204921581433
32721.58,Cataluña,2023,109.01933333333334,300.1447449687823
31878.42,Cataluña,2022,105.7216730769231,301.53155045896085
31212.67,Cataluña,2021,99.99996794871795,312.126800040641
30003.62,Cataluña,2020,98.1816346153846,305.59299728035467
28965.38,Cataluña,2019,98.30401923076923,294.6510247155166
28640.23,Cataluña,2018,97.61655769230768,293.3952054555688
28323.31,Cataluña,2017,96.29589743589743,294.12789905046947
27572.76,Cataluña,2016,94.88607051282052,290.5880689439501
27514.06,Cataluña,2015,94.81678205128203,290.18133082304894
27447.71,Cataluña,2014,95.05655128205129,288.7513762050687
27684.3,Cataluña,2013,95.36280128205128,290.3050206979459
27836.4,Cataluña,2012,93.60912179487178,297.368455832741
28025.61,Cataluña,2011,91.63215384615384,305.8490805209458
27601.02,Cataluña,2010,89.34158974358975,308.93808895963116
26901.3,Cataluña,2009,87.915891025641,305.98905028618924
26353.89,Cataluña,2008,87.55081410256412,301.01250650995564
27933.36,Comunitat Valenciana,2023,109.01933333333334,256.2239113551725
26683.85,Comunitat Valenciana,2022,105.7216730769231,252.39715966833808
25914.86,Comunitat Valenciana,2021,99.99996794871795,259.1486830604753
25239.04,Comunitat Valenciana,2020,98.1816346153846,257.0647769195438
24499.53,Comunitat Valenciana,2019,98.30401923076923,249.2220581794038
24537.07,Comunitat Valenciana,2018,97.61655769230768,251.36176259505157
23867.74,Comunitat Valenciana,2017,96.29589743589743,247.85832663212219
23672.18,Comunitat Valenciana,2016,94.88607051282052,249.48003297071446
23919.14,Comunitat Valenciana,2015,94.81678205128203,252.26694560318697
23479.71,Comunitat Valenciana,2014,95.05655128205129,247.00780412631562
23651.4,Comunitat Valenciana,2013,95.36280128205128,248.01494589118738
24289.23,Comunitat Valenciana,2012,93.60912179487178,259.47503335439524
24171.87,Comunitat Valenciana,2011,91.63215384615384,263.79244605101667
23331.71,Comunitat Valenciana,2010,89.34158974358975,261.1517219131871
22951.64,Comunitat Valenciana,2009,87.915891025641,261.0636112793996
22039.14,Comunitat Valenciana,2008,87.55081410256412,251.72969807204265
25179.79,Extremadura,2023,109.01933333333334,230.9662812100606
23170.92,Extremadura,2022,105.7216730769231,219.16906274403013
22794.52,Extremadura,2021,99.99996794871795,227.9452730593824
22071.78,Extremadura,2020,98.1816346153846,224.80558697625773
21823.73,Extremadura,2019,98.30401923076923,222.0024183219678
21794.57,Extremadura,2018,97.61655769230768,223.26714355875552
21585.18,Extremadura,2017,96.29589743589743,224.15472075919843
21554.75,Extremadura,2016,94.88607051282052,227.16453409341713
21813.81,Extremadura,2015,94.81678205128203,230.06275395638207
20829.72,Extremadura,2014,95.05655128205129,219.1297676915941
21780.9,Extremadura,2013,95.36280128205128,228.40037946850347
21585.3,Extremadura,2012,93.60912179487178,230.58970735032057
21318.32,Extremadura,2011,91.63215384615384,232.65108485600453
20787.03,Extremadura,2010,89.34158974358975,232.66913046497996
20207.93,Extremadura,2009,87.915891025641,229.85526011567444
19390.41,Extremadura,2008,87.55081410256412,221.4760673416983
27479.85,Galicia,2023,109.01933333333334,252.06400699570105
26626.89,Galicia,2022,105.7216730769231,251.85838650724222
25794.19,Galicia,2021,99.99996794871795,257.94198267371235
25276.16,Galicia,2020,98.1816346153846,257.44285170048846
24542.83,Galicia,2019,98.30401923076923,249.66252847084078
24826.91,Galicia,2018,97.61655769230768,254.3309310112704
24321.64,Galicia,2017,96.29589743589743,252.57192307897134
23774.21,Galicia,2016,94.88607051282052,250.55532252005048
23189.76,Galicia,2015,94.81678205128203,244.57442552160992
22505.05,Galicia,2014,95.05655128205129,236.75432883340292
22522.55,Galicia,2013,95.36280128205128,236.1775209747229
22059.69,Galicia,2012,93.60912179487178,235.65748270067095
22381.85,Galicia,2011,91.63215384615384,244.25760020416078
22626.21,Galicia,2010,89.34158974358975,253.2550636824036
21829.8,Galicia,2009,87.915891025641,248.30323329866786
21105.6,Galicia,2008,87.55081410256412,241.06686175727833
35052.21,"Madrid, Comunidad de",2023,109.01933333333334,321.52287973386984
34113.4,"Madrid, Comunidad de",2022,105.7216730769231,322.6717758730425
32213.88,"Madrid, Comunidad de",2021,99.99996794871795,322.1389032496485
31495.31,"Madrid, Comunidad de",2020,98.1816346153846,320.78616457527215
30530.89,"Madrid, Comunidad de",2019,98.30401923076923,310.57621284363324
29816.34,"Madrid, Comunidad de",2018,97.61655769230768,305.4434688629629
29910.43,"Madrid, Comunidad de",2017,96.29589743589743,310.6095980870927
29111.2,"Madrid, Comunidad de",2016,94.88607051282052,306.80161843214535
29314.09,"Madrid, Comunidad de",2015,94.81678205128203,309.165628339352
29734.23,"Madrid, Comunidad de",2014,95.05655128205129,312.8056888133123
29224.3,"Madrid, Comunidad de",2013,95.36280128205128,306.4538751705111
29116.2,"Madrid, Comunidad de",2012,93.60912179487178,311.0402003749498
28896.67,"Madrid, Comunidad de",2011,91.63215384615384,315.355132309955
29016.28,"Madrid, Comunidad de",2010,89.34158974358975,324.7790875814577
29333.06,"Madrid, Comunidad de",2009,87.915891025641,333.6491236998884
28228.42,"Madrid, Comunidad de",2008,87.55081410256412,322.42327258009203
27799.19,"Murcia, Región de",2023,109.01933333333334,254.99321221312425
26240.66,"Murcia, Región de",2022,105.7216730769231,248.20511477251495
25674.66,"Murcia, Región de",2021,99.99996794871795,256.7466822906033
25227.26,"Murcia, Región de",2020,98.1816346153846,256.9447952137375
24289.41,"Murcia, Región de",2019,98.30401923076923,247.08460742566868
23670.24,"Murcia, Región de",2018,97.61655769230768,242.48181414683555
24009.22,"Murcia, Región de",2017,96.29589743589743,249.32754810227027
23947.99,"Murcia, Región de",2016,94.88607051282052,252.3867820700223
23773.09,"Murcia, Región de",2015,94.81678205128203,250.72660646869696
23419.03,"Murcia, Región de",2014,95.05655128205129,246.3694472831355
23428.23,"Murcia, Región de",2013,95.36280128205128,245.67472520765335
23487.03,"Murcia, Región de",2012,93.60912179487178,250.9053556924481
23460.47,"Murcia, Región de",2011,91.63215384615384,256.02879573680053
23482.48,"Murcia, Región de",2010,89.34158974358975,262.839289824534
22628.62,"Murcia, Región de",2009,87.915891025641,257.3894177265436
21174.93,"Murcia, Región de",2008,87.55081410256412,241.85874474215592
34623.18,"Navarra, Comunidad Foral de",2023,109.01933333333334,317.5875227023953
31959.85,"Navarra, Comunidad Foral de",2022,105.7216730769231,302.30178041872273
31643.22,"Navarra, Comunidad Foral de",2021,99.99996794871795,316.4323014206094
31317.91,"Navarra, Comunidad Foral de",2020,98.1816346153846,318.9793093452187
30564.9,"Navarra, Comunidad Foral de",2019,98.30401923076923,310.92218038663026
29546.12,"Navarra, Comunidad Foral de",2018,97.61655769230768,302.6752909391751
29699.1,"Navarra, Comunidad Foral de",2017,96.29589743589743,308.41500822784474
29098.99,"Navarra, Comunidad Foral de",2016,94.88607051282052,306.6729377951034
28727.37,"Navarra, Comunidad Foral de",2015,94.81678205128203,302.97769422782864
28659.74,"Navarra, Comunidad Foral de",2014,95.05655128205129,301.50199658475907
27848.15,"Navarra, Comunidad Foral de",2013,95.36280128205128,292.02319589621203
27632.8,"Navarra, Comunidad Foral de",2012,93.60912179487178,295.19345412247867
27834.48,"Navarra, Comunidad Foral de",2011,91.63215384615384,303.7632406494865
26982.49,"Navarra, Comunidad Foral de",2010,89.34158974358975,302.0148855358374
26755.77,"Navarra, Comunidad Foral de",2009,87.915891025641,304.33371814654737
26635.75,"Navarra, Comunidad Foral de",2008,87.55081410256412,304.2318940495142
35600.45,País Vasco,2023,109.01933333333334,326.55171254028335
35095.67,País Vasco,2022,105.7216730769231,331.96286985038904
33706.34,País Vasco,2021,99.99996794871795,337.0635080331756
33040.1,País Vasco,2020,98.1816346153846,336.5201662146983
32529.17,País Vasco,2019,98.30401923076923,330.9037642055875
31970.3,País Vasco,2018,97.61655769230768,327.5089877761517
31618.97,País Vasco,2017,96.29589743589743,328.3522023464003
31001.21,País Vasco,2016,94.88607051282052,326.72034822868204
31088.99,País Vasco,2015,94.81678205128203,327.8848883859547
31271.0,País Vasco,2014,95.05655128205129,328.9725913494679
30312.55,País Vasco,2013,95.36280128205128,317.86555755997153
30084.89,País Vasco,2012,93.60912179487178,321.38844402285747
29492.66,País Vasco,2011,91.63215384615384,321.85929023906624
29708.66,País Vasco,2010,89.34158974358975,332.528893713038
28889.92,País Vasco,2009,87.915891025641,328.6086242539946
28264.0,País Vasco,2008,87.55081410256412,322.8296651461089
28482.01,"Rioja, La",2023,109.01933333333334,261.2565049624225
27741.6,"Rioja, La",2022,105.7216730769231,262.40220375452446
26488.06,"Rioja, La",2021,99.99996794871795,264.88068489765544
25664.88,"Rioja, La",2020,98.1816346153846,261.40204428801025
25342.99,"Rioja, La",2019,98.30401923076923,257.8021753160183
25593.27,"Rioja, La",2018,97.61655769230768,262.1816483292853
24820.49,"Rioja, La",2017,96.29589743589743,257.7523099208104
24653.37,"Rioja, La",2016,94.88607051282052,259.8207499452616
24532.64,"Rioja, La",2015,94.81678205128203,258.73731916710085
24814.25,"Rioja, La",2014,95.05655128205129,261.04723625383053
23641.12,"Rioja, La",2013,95.36280128205128,247.9071470444484
23097.08,"Rioja, La",2012,93.60912179487178,246.73962918499825
23512.09,"Rioja, La",2011,91.63215384615384,256.59213510877106
23641.44,"Rioja, La",2010,89.34158974358975,264.61852836792923
23240.0,"Rioja, La",2009,87.915891025641,264.34356438726155
22549.68,"Rioja, La",2008,87.55081410256412,257.56105447041847
